2490996271000,-0.00555,0.01995,-0.00951,0.71738,0.69632,0.02246,0.00023,-0.01572,0.05106,-0.00562,
2491096262000,0.10135,0.17846,-0.00462,0.72683,0.68595,0.00899,-0.03348,0.20488,0.35155,0.05671,
2491196253000,0.12588,0.22460,-0.01945,0.73760,0.67352,0.01984,-0.04379,0.24675,0.40755,0.02226,
2491296243000,0.14854,0.26152,-0.01821,0.75387,0.65438,0.02617,-0.05275,0.30693,0.44744,0.02688,
2491396234000,0.15504,0.29753,-0.03198,0.76259,0.64359,0.02927,-0.05814,0.30489,0.51122,0.02078,
2491496225000,0.18060,0.34776,-0.04948,0.77890,0.62199,0.04072,-0.06918,0.28155,0.58031,-0.00238,
2491596216000,0.21970,0.40672,-0.06302,0.79004,0.60739,0.04734,-0.06828,0.32510,0.65565,0.00206,
2491696207000,0.24672,0.46370,-0.04348,0.78504,0.61531,0.04302,-0.05716,0.30360,0.65933,0.01578,
2491796198000,0.28646,0.53415,-0.03897,0.78420,0.61689,0.04012,-0.05349,0.28431,0.68131,-0.00964,
2491896189000,0.32808,0.60877,-0.03752,0.78180,0.62049,0.03660,-0.04936,0.27900,0.68678,-0.05387,
2491996179000,0.35219,0.68227,-0.03673,0.78128,0.62105,0.03791,-0.04956,0.27082,0.72156,0.02303,
2492096170000,0.38905,0.75882,-0.03057,0.77786,0.62522,0.03880,-0.05028,0.26853,0.72841,0.07886,
2492196161000,0.41498,0.82847,-0.02314,0.77219,0.63262,0.03630,-0.04680,0.29195,0.72758,0.09784,
2492296152000,0.43905,0.90040,-0.01492,0.76983,0.63648,0.02725,-0.03887,0.29830,0.73830,0.07682,
2492396143000,0.46873,1.01491,0.01789,0.76540,0.64201,0.02595,-0.03617,0.32744,0.82039,0.04508,
2492496134000,0.51435,1.10209,0.02378,0.76301,0.64535,0.02009,-0.03038,0.35204,0.87261,0.01134,
2492596125000,0.54846,1.21413,0.04609,0.75922,0.64982,0.02259,-0.02841,0.36763,0.94970,0.04724,
2492696115000,0.58403,1.30837,0.04957,0.75775,0.65145,0.02976,-0.02332,0.35611,0.98608,0.07218,
2492796106000,0.62107,1.40141,0.05128,0.75913,0.64997,0.03205,-0.01521,0.36720,1.01521,0.02834,
2492896097000,0.63169,1.49400,0.06482,0.76949,0.63785,0.02950,-0.01275,0.30846,1.00721,-0.01326,
2492996088000,0.66716,1.59773,0.06186,0.77595,0.62976,0.03203,-0.01680,0.31687,1.00006,-0.08382,
2493096079000,0.69867,1.71512,0.04880,0.77426,0.63072,0.04328,-0.02908,0.30377,1.01973,-0.02844,
2493196070000,0.71531,1.81506,0.05115,0.77764,0.62647,0.04272,-0.03137,0.34313,1.04073,0.12500,
2493296061000,0.74155,1.92407,0.06972,0.78008,0.62341,0.03823,-0.03707,0.39536,1.03147,0.14473,
2493396051000,0.78674,2.08381,0.03977,0.78511,0.61770,0.02712,-0.03636,0.40372,1.06353,0.06208,
2493496042000,0.81661,2.19992,0.04415,0.78694,0.61421,0.03709,-0.04578,0.41561,1.08272,0.04899,
2493596033000,0.86745,2.32370,0.04626,0.78321,0.61839,0.04000,-0.05077,0.45486,1.09101,0.12136,
2493696024000,0.91695,2.42885,0.05943,0.78182,0.62031,0.04563,-0.04353,0.43523,1.08225,0.20230,
2493796015000,0.94477,2.54882,0.08950,0.78100,0.62216,0.03944,-0.03757,0.41547,1.10931,0.20151,
2493896006000,0.97129,2.67294,0.10649,0.77916,0.62474,0.03738,-0.03467,0.34379,1.09315,0.11257,
2493995997000,0.97498,2.80902,0.10899,0.77973,0.62460,0.03121,-0.03045,0.30321,1.13704,0.03644,
2494095987000,0.98178,2.91581,0.11192,0.78100,0.62354,0.02458,-0.02513,0.24596,1.12581,0.07409,
2494195978000,0.94008,3.01057,0.11342,0.77888,0.62620,0.02395,-0.02545,0.22377,1.14725,0.24609,
2494295969000,0.95753,3.12876,0.13246,0.77361,0.63270,0.02621,-0.02312,0.28389,1.15505,0.24655,
2494395960000,0.94427,3.24083,0.12993,0.76115,0.64806,0.01821,-0.01869,0.24313,1.16740,0.11990,
2494495951000,0.91777,3.32435,0.09486,0.75301,0.65760,0.01471,-0.01770,0.16208,1.17698,0.01662,
2494595942000,0.91580,3.42583,0.06586,0.74516,0.66636,0.02360,-0.01212,0.13921,1.21746,0.08670,
2494695933000,0.92346,3.54600,0.06168,0.73790,0.67451,0.02284,-0.00449,0.14674,1.26558,0.06643,
2494795923000,0.93502,3.66711,0.06084,0.73743,0.67524,0.01535,0.00010,0.07807,1.27800,0.01650,
2494895914000,0.93425,3.80117,0.05165,0.73883,0.67377,0.01171,0.00449,0.05784,1.25698,-0.11789,
2494995905000,0.93770,3.93055,0.04087,0.73991,0.67257,0.01144,0.00724,0.05154,1.27096,-0.15632,
2495095896000,0.93546,4.04793,0.03848,0.73886,0.67370,0.01238,0.00811,0.05515,1.27141,-0.02111,
2495195887000,0.94018,4.17063,0.04283,0.73886,0.67358,0.01888,0.00417,0.06151,1.23553,0.02345,
2495295878000,0.94404,4.29196,0.05257,0.73723,0.67536,0.01855,0.00614,0.09155,1.22665,-0.01331,
2495395869000,0.95635,4.41270,0.05315,0.73724,0.67542,0.01548,0.00680,0.09982,1.22434,-0.05757,
2495495859000,0.96401,4.53116,0.06103,0.73358,0.67946,0.01024,0.00921,0.08462,1.23013,-0.00976,
2495595850000,0.97512,4.65319,0.06469,0.73229,0.68086,0.00920,0.00927,0.06633,1.24658,0.06726,
2495695841000,0.97895,4.76544,0.08168,0.72907,0.68428,0.00823,0.01211,0.03082,1.23849,0.04003,
2495795832000,0.98373,4.88499,0.08212,0.72818,0.68517,0.00810,0.01499,0.02117,1.25456,-0.08026,
2495895823000,0.98787,5.00669,0.07359,0.72654,0.68684,0.00811,0.01783,0.01982,1.30708,-0.17939,
2495995814000,0.99100,5.13911,0.05799,0.72755,0.68573,0.01060,0.01839,0.04852,1.34689,-0.07935,
2496095805000,0.99815,5.29405,0.04948,0.72845,0.68483,0.01737,0.00777,0.04000,1.33560,0.02063,
2496195795000,1.00307,5.42887,0.05808,0.73143,0.68163,0.01880,0.00544,0.09518,1.37366,0.03506,
2496295786000,1.01430,5.56501,0.05986,0.73210,0.68098,0.01756,-0.00081,0.07960,1.36799,-0.09617,
2496395777000,1.02049,5.69928,0.05304,0.73204,0.68114,0.01325,-0.00125,0.06988,1.39211,-0.06969,
2496495768000,1.02709,5.84770,0.05197,0.73216,0.68099,0.01400,-0.00153,0.06318,1.40608,0.04522,
2496595759000,1.03447,5.98281,0.05549,0.73893,0.67354,0.01766,-0.00311,0.07726,1.37006,0.08700,
2496695750000,1.03416,6.11983,0.05820,0.74228,0.66998,0.01196,0.00290,0.04432,1.34076,-0.02408,
2496795741000,1.03299,6.26248,0.04982,0.74518,0.66675,0.00637,0.01041,0.01680,1.35810,-0.08281,
2496895731000,1.03569,6.40226,0.04353,0.74616,0.66563,0.01037,0.00847,0.03818,1.36725,-0.02454,
2496995722000,1.04043,6.54899,0.04487,0.74722,0.66445,0.01097,0.00612,0.08100,1.36506,0.06990,
2497095713000,1.04720,6.68913,0.05277,0.74897,0.66252,0.00987,0.00326,0.08646,1.37647,0.07969,
2497195704000,1.05626,6.83526,0.05230,0.75102,0.66025,0.00593,0.00078,0.10600,1.39525,-0.07747,
2497295695000,1.06406,6.97309,0.04305,0.75300,0.65796,0.00747,-0.00360,0.07722,1.41064,-0.09033,
2497395686000,1.07081,7.12957,0.04111,0.75404,0.65669,0.01346,-0.00056,0.09985,1.44465,0.09538,
2497495677000,1.08172,7.27283,0.05573,0.75379,0.65689,0.01676,0.00333,0.14796,1.43962,0.16632,
2497595667000,1.09062,7.42347,0.06804,0.75588,0.65457,0.01155,0.00725,0.09773,1.43842,0.11545,
2497695658000,1.09820,7.57027,0.07454,0.75825,0.65181,0.01111,0.00844,0.09623,1.42438,0.00562,
2497795649000,1.10065,7.71794,0.07188,0.75768,0.65251,0.01059,0.00715,0.12231,1.44290,0.01939,
2497895640000,1.11109,7.86781,0.07735,0.74900,0.66254,0.00528,-0.00432,0.14582,1.45295,0.13207,
2497995631000,1.11520,8.03222,0.08950,0.74432,0.66758,0.01134,-0.01392,0.13519,1.47471,0.15168,
2498095622000,1.12683,8.20248,0.09673,0.74271,0.66933,0.01163,-0.01568,0.19618,1.55030,0.04368,
2498195613000,1.14190,8.35983,0.09156,0.73954,0.67289,0.00258,-0.01735,0.15244,1.60423,-0.03122,
2498295603000,1.14945,8.52394,0.08434,0.73786,0.67480,-0.00504,-0.01324,0.18137,1.67059,0.02991,
2498395594000,1.16606,8.69252,0.09613,0.73880,0.67370,-0.00662,-0.01639,0.16057,1.66472,0.12957,
2498495585000,1.17245,8.86688,0.10177,0.74386,0.66802,-0.00770,-0.01910,0.14360,1.62259,0.05642,
2498595576000,1.18481,9.03041,0.09670,0.74859,0.66271,-0.01350,-0.01549,0.13418,1.60549,-0.09484,
2498695567000,1.18565,9.16163,0.07878,0.75046,0.66061,-0.01454,-0.01372,0.11328,1.60927,-0.09316,
2498795558000,1.19829,9.32624,0.07196,0.75340,0.65723,-0.01249,-0.01652,0.16924,1.64051,0.06934,
2498895549000,1.20757,9.49381,0.07515,0.75754,0.65227,-0.01466,-0.02156,0.16515,1.62175,0.13180,
2498995539000,1.22224,9.65711,0.08426,0.76153,0.64747,-0.01532,-0.02483,0.16335,1.61158,0.03639,
2499095530000,1.23280,9.84445,0.07506,0.76425,0.64419,-0.01561,-0.02627,0.17975,1.61638,-0.02171,
2499195521000,1.25068,10.00083,0.07570,0.76469,0.64366,-0.01404,-0.02757,0.19050,1.60877,0.07175,
2499295512000,1.26123,10.12486,0.08156,0.75848,0.65139,-0.00152,-0.01967,0.20739,1.58782,0.16198,
2499395503000,1.27787,10.29196,0.09189,0.75681,0.65321,0.00139,-0.02362,0.20193,1.62784,0.17714,
2499495494000,1.28459,10.42681,0.09369,0.75560,0.65460,0.00267,-0.02374,0.14934,1.58697,0.02175,
2499595485000,1.29731,10.58991,0.08954,0.75098,0.65998,0.00202,-0.02114,0.16725,1.62113,-0.03568,
2499695475000,1.30702,10.75638,0.08254,0.74296,0.66900,0.00275,-0.02118,0.18503,1.65001,0.01475,
2499795466000,1.30910,10.93149,0.07649,0.73885,0.67326,0.00888,-0.02732,0.14317,1.67317,0.13584,
2499895457000,1.31631,11.09312,0.08601,0.73686,0.67543,0.01213,-0.02600,0.18166,1.70870,0.16575,
2499995448000,1.33275,11.26218,0.09732,0.73380,0.67886,0.00851,-0.02494,0.13768,1.70689,0.08427,
2500095439000,1.33705,11.43023,0.09740,0.72689,0.68632,0.00715,-0.02327,0.13581,1.70550,0.07795,
2500195430000,1.34806,11.59620,0.10616,0.72019,0.69335,0.00837,-0.02266,0.12204,1.70134,0.11498,
2500295421000,1.34916,11.75369,0.11376,0.71901,0.69442,0.01226,-0.02566,0.06166,1.71019,0.08437,
2500395411000,1.35298,11.93182,0.11182,0.72195,0.69163,0.00856,-0.01884,0.03098,1.69588,-0.05699,
2500495402000,1.35308,12.09787,0.10800,0.72483,0.68886,0.00110,-0.01005,0.02079,1.68399,-0.07217,
2500595393000,1.36227,12.27018,0.10399,0.72508,0.68858,0.00033,-0.01103,0.06855,1.69831,0.03438,
2500695384000,1.36521,12.42413,0.11050,0.72275,0.69066,0.00922,-0.02338,0.06702,1.68174,0.10703,
2500795375000,1.37484,12.58354,0.11579,0.72235,0.69111,0.00636,-0.02335,0.10298,1.69260,0.04995,
2500895366000,1.38210,12.74423,0.11740,0.72366,0.68986,-0.00177,-0.02024,0.06867,1.66991,-0.01907,
2500995357000,1.38725,12.89088,0.11759,0.72219,0.69134,-0.00058,-0.02205,0.09292,1.66229,0.06039,
2501095347000,1.39263,13.04915,0.12664,0.71425,0.69954,0.01079,-0.01940,0.08451,1.66750,0.11857,
2501195338000,1.40223,13.17709,0.14073,0.71200,0.70175,0.01401,-0.02023,0.12573,1.65451,0.08368,
2501295329000,1.41068,13.30481,0.14349,0.71307,0.70081,0.00870,-0.01794,0.05049,1.59561,-0.06944,
2501395320000,1.41547,13.46040,0.13287,0.71646,0.69749,0.00330,-0.01330,0.06440,1.60425,-0.11635,
2501495311000,1.42314,13.62586,0.12254,0.71801,0.69592,-0.00058,-0.01261,0.09376,1.63700,-0.06195,
2501595302000,1.43372,13.78834,0.12472,0.71750,0.69614,-0.00886,-0.02245,0.11935,1.63342,-0.00247,
2501695293000,1.44601,13.94716,0.12610,0.71893,0.69457,-0.01093,-0.02446,0.13222,1.64905,-0.01747,
2501795283000,1.45936,14.08942,0.11751,0.72125,0.69202,-0.00823,-0.02903,0.17499,1.64901,-0.14389,
2501895274000,1.47447,14.24882,0.10401,0.72355,0.68955,-0.01016,-0.02985,0.15716,1.66795,-0.12336,
2501995265000,1.48593,14.37183,0.10361,0.72513,0.68808,-0.00281,-0.02674,0.16962,1.66671,0.03920,
2502095256000,1.50165,14.53395,0.10784,0.72954,0.68307,0.00778,-0.03358,0.16584,1.62982,0.05822,
2502195247000,1.51441,14.66930,0.10862,0.73144,0.68108,0.01103,-0.03177,0.14469,1.57457,-0.06628,
2502295238000,1.52936,14.83249,0.10074,0.73353,0.67900,0.01129,-0.02749,0.13559,1.59184,-0.04311,
2502395229000,1.54048,14.97124,0.10261,0.73304,0.67958,0.01247,-0.02565,0.15844,1.56918,0.07726,
2502495219000,1.55552,15.13126,0.10928,0.73245,0.68048,0.00651,-0.02034,0.12351,1.53988,0.01058,
2502595210000,1.56421,15.23970,0.10624,0.73380,0.67918,0.00402,-0.01526,0.10867,1.51147,-0.05345,
2502695201000,1.57370,15.39645,0.09443,0.73472,0.67816,0.01095,-0.01278,0.10540,1.52705,-0.09578,
2502795192000,1.58052,15.55270,0.08341,0.73508,0.67783,0.01243,-0.00705,0.08760,1.57431,-0.02633,
2502895183000,1.58403,15.72526,0.08539,0.73120,0.68162,0.02634,0.00703,0.05415,1.57088,0.01611,
2502995174000,1.58943,15.88159,0.08846,0.73087,0.68193,0.02566,0.01185,0.07814,1.58862,-0.00966,
2503095165000,1.59067,16.06826,0.08118,0.73133,0.68152,0.02048,0.01639,0.01610,1.60298,-0.17575,
2503195155000,1.58995,16.22781,0.05949,0.73187,0.68089,0.02344,0.01466,0.03993,1.66129,-0.23530,
2503295146000,1.59176,16.39455,0.04139,0.73268,0.68007,0.02240,0.01365,0.03665,1.70914,-0.03724,
2503395137000,1.58947,16.54277,0.04146,0.73630,0.67636,0.01575,0.01219,0.01623,1.68354,0.04936,
2503495128000,1.58999,16.69574,0.04745,0.73909,0.67338,0.01180,0.01292,0.04679,1.66079,-0.02865,
2503595119000,1.59215,16.84407,0.03825,0.74035,0.67204,0.01043,0.01139,0.06044,1.62933,-0.07405,
2503695110000,1.59669,17.00476,0.03482,0.74083,0.67154,0.01027,0.01013,0.03932,1.63034,0.05851,
2503795101000,1.60229,17.16660,0.04434,0.73991,0.67240,0.01769,0.00990,0.12164,1.63201,0.08868,
2503895091000,1.61359,17.34053,0.05356,0.74080,0.67136,0.02180,0.00493,0.07738,1.62712,0.04939,
2503995082000,1.62433,17.49830,0.04905,0.74128,0.67058,0.02873,-0.00178,0.07195,1.58597,-0.12851,
2504095073000,1.63292,17.66551,0.03293,0.73823,0.67383,0.03055,-0.00497,0.08669,1.61707,-0.10635,
2504195064000,1.64487,17.83785,0.03047,0.73493,0.67759,0.02210,-0.01629,0.06723,1.67582,0.09981,
2504295055000,1.64868,17.99661,0.03808,0.73457,0.67815,0.01854,-0.01291,0.07541,1.65722,0.11384,
2504395046000,1.65620,18.16508,0.04785,0.73462,0.67831,0.01227,-0.00904,0.09186,1.65756,-0.02163,
2504495037000,1.66379,18.33404,0.04569,0.73508,0.67794,0.00671,-0.00356,0.09470,1.69533,-0.02073,
2504595027000,1.67391,18.50298,0.05255,0.73400,0.67905,0.01165,-0.00002,0.10277,1.71787,0.13467,
2504695018000,1.68560,18.66698,0.06469,0.73064,0.68259,0.01523,-0.00008,0.10474,1.67153,0.08537,
2504795009000,1.69922,18.80323,0.07487,0.73053,0.68276,0.01033,0.00772,0.12975,1.64630,-0.03201,
2504895000000,1.71331,18.97224,0.05925,0.73096,0.68230,0.01063,0.00647,0.13258,1.64700,-0.18059,
2504994991000,1.72860,19.16257,0.04585,0.73154,0.68167,0.01219,0.00440,0.17634,1.68233,-0.07007,
2505094982000,1.74799,19.32680,0.04388,0.72685,0.68661,0.00861,-0.01346,0.13220,1.66301,0.06372,
2505194973000,1.76400,19.47204,0.04638,0.72738,0.68621,-0.00053,-0.00606,0.13254,1.66719,0.05084,
2505294963000,1.77645,19.65669,0.04964,0.72647,0.68709,-0.01056,-0.00657,0.10239,1.69036,-0.02411,
2505394954000,1.78301,19.83049,0.04785,0.71924,0.69464,-0.01169,-0.00505,0.06967,1.73052,-0.03976,
2505494945000,1.78777,20.00255,0.05373,0.71262,0.70153,0.00388,0.00279,0.06602,1.78322,0.11074,
2505594936000,1.79058,20.13546,0.06208,0.71095,0.70318,0.00985,-0.00036,0.07016,1.78502,0.10184,
2505694927000,1.79270,20.28589,0.06737,0.71352,0.70060,0.00682,0.00073,0.01443,1.73339,-0.07737,
2505794918000,1.79508,20.45977,0.05215,0.71543,0.69865,0.00620,-0.00101,-0.00330,1.73322,-0.18854,
2505894909000,1.79716,20.64648,0.03689,0.71624,0.69784,0.00384,-0.00280,0.04425,1.75670,-0.07472,
2505994899000,1.80046,20.81460,0.03984,0.71552,0.69841,0.00454,-0.01524,0.02626,1.73975,0.04327,
2506094890000,1.80777,20.99051,0.04048,0.71896,0.69482,0.00576,-0.01717,0.08064,1.75514,0.03677,
2506194881000,1.81826,21.16311,0.03220,0.72151,0.69212,0.00473,-0.01913,0.10668,1.70259,-0.17968,
2506294872000,1.83068,21.31836,0.01442,0.72277,0.69071,0.00430,-0.02241,0.08674,1.69843,-0.13410,
2506394863000,1.83994,21.48539,0.01504,0.72357,0.68972,0.01702,-0.02101,0.12947,1.72466,0.08844,
2506494854000,1.85707,21.66710,0.02450,0.72610,0.68670,0.02254,-0.02681,0.14684,1.69932,0.09277,
2506594845000,1.86896,21.82821,0.02814,0.73004,0.68292,0.01397,-0.02158,0.11404,1.65479,-0.08804,
2506694835000,1.88259,21.98978,0.01700,0.73250,0.68040,0.00980,-0.02025,0.12769,1.67256,-0.20064,
2506794826000,1.89918,22.16608,0.00056,0.73785,0.67417,0.00733,-0.03198,0.19329,1.70023,-0.09358,
2506894817000,1.92088,22.32245,0.00475,0.73787,0.67265,0.01011,-0.05467,0.17474,1.65150,0.07560,
2506994808000,1.94615,22.51999,0.01801,0.74030,0.66987,0.00999,-0.05594,0.24873,1.66929,0.11091,
2507094799000,1.97004,22.69399,0.02841,0.74065,0.66933,0.00446,-0.05849,0.20219,1.64584,0.04064,
2507194790000,1.98865,22.84853,0.02799,0.73654,0.67431,0.00038,-0.05316,0.19824,1.63798,0.03115,
2507294781000,2.01038,22.95223,0.03469,0.73057,0.68171,0.00973,-0.03793,0.18780,1.60858,0.17579,
2507394771000,2.02779,23.12516,0.04928,0.72696,0.68598,0.01084,-0.02911,0.21777,1.61802,0.12668,
2507494762000,2.04690,23.24789,0.05255,0.72739,0.68568,0.01289,-0.02415,0.16762,1.60009,0.01205,
2507594753000,2.06142,23.41441,0.04421,0.72775,0.68553,0.01341,-0.01580,0.19341,1.63545,-0.09110,
2507694744000,2.07870,23.64358,0.03594,0.72312,0.69061,0.00837,-0.00930,0.16310,1.70561,-0.03781,
2507794735000,2.09929,23.81566,0.04188,0.71843,0.69559,-0.00124,-0.00343,0.19106,1.77026,0.10582,
2507894726000,2.11755,23.99985,0.04571,0.71810,0.69582,-0.01210,0.00515,0.16882,1.80335,0.13691,
2507994717000,2.13461,24.18132,0.05195,0.71931,0.69461,-0.00916,0.00404,0.18852,1.78560,-0.03190,
2508094707000,2.15792,24.42208,0.04262,0.72031,0.69359,-0.00791,0.00584,0.21592,1.83457,-0.08122,
2508194698000,2.17918,24.60222,0.03875,0.71927,0.69469,-0.00031,0.00758,0.19710,1.88228,0.08091,
2508294689000,2.19988,24.78879,0.05078,0.71792,0.69607,0.00519,0.00736,0.20086,1.90362,0.08904,
2508394680000,2.20683,24.91723,0.05653,0.71997,0.69392,0.01066,0.00411,0.14152,1.85191,-0.02745,
2508494671000,2.22069,25.10315,0.04201,0.72227,0.69149,0.01206,0.00498,0.15327,1.83057,-0.19307,
2508594662000,2.23130,25.25345,0.01874,0.72306,0.69078,0.00414,-0.00089,0.16358,1.82432,-0.12002,
2508694653000,2.24623,25.43412,0.01544,0.72227,0.69138,0.00270,-0.01744,0.12169,1.81884,0.01625,
2508794643000,2.25985,25.65217,0.01965,0.72618,0.68716,0.00707,-0.02056,0.18826,1.85072,0.04355,
2508894634000,2.27705,25.84655,0.01432,0.72737,0.68591,0.00499,-0.02105,0.18472,1.84491,-0.06049,
2508994625000,2.29294,26.02637,0.00183,0.72642,0.68699,0.00125,-0.01890,0.12892,1.85502,-0.09039,
2509094616000,2.30070,26.20996,0.00337,0.72566,0.68777,0.01916,-0.00525,0.11972,1.87775,0.06937,
2509194607000,2.31572,26.38554,0.01205,0.72567,0.68760,0.02390,-0.00561,0.16384,1.84476,0.08236,
2509294598000,2.32524,26.55971,0.02145,0.72595,0.68714,0.02716,-0.00975,0.06912,1.77524,-0.04773,
2509394589000,2.33288,26.74425,0.00916,0.72605,0.68698,0.03019,0.00171,0.10532,1.81932,-0.10325,
2509494579000,2.34120,26.92640,0.00473,0.72649,0.68680,0.02093,0.00875,0.10200,1.83371,-0.04411,
2509594570000,2.34579,27.07138,0.01430,0.72556,0.68789,0.01923,0.00234,0.07465,1.81795,0.01673,
2509694561000,2.35465,27.26116,0.01667,0.72614,0.68726,0.01972,-0.00121,0.08019,1.84412,0.00716,
2509794552000,2.35896,27.42455,0.01033,0.72712,0.68622,0.01988,0.00022,0.03781,1.80669,-0.09441,
2509894543000,2.36060,27.58255,-0.00850,0.72754,0.68563,0.01722,0.01745,0.03048,1.81172,-0.11085,
2509994534000,2.36324,27.78345,-0.01047,0.72630,0.68544,0.03042,0.04160,-0.00495,1.88383,0.07777,
2510094525000,2.35882,27.97489,0.00203,0.72620,0.68443,0.04387,0.04766,0.01553,1.88030,0.10155,
2510194515000,2.35263,28.12498,0.00590,0.72619,0.68333,0.05421,0.05273,-0.01597,1.82076,-0.02799,
2510294506000,2.34425,28.21637,-0.00946,0.72479,0.68420,0.05427,0.06004,-0.03971,1.76564,-0.12644,
2510394497000,2.33985,28.45776,-0.02221,0.71777,0.69116,0.04960,0.06818,-0.05416,1.82782,-0.05810,
2510494488000,2.33310,28.63492,-0.02058,0.71168,0.69700,0.05496,0.06838,-0.10584,1.85535,0.05589,
2510594479000,2.31837,28.85616,-0.01251,0.71242,0.69338,0.07088,0.08155,-0.10117,1.92714,0.04995,
2510694470000,2.31586,29.18075,-0.01919,0.71275,0.69255,0.07845,0.07880,-0.09960,1.98251,-0.10447,
2510794461000,2.30720,29.33693,-0.04123,0.70609,0.69776,0.08490,0.08583,-0.21603,1.90977,-0.09261,
2510894451000,2.28143,29.50825,-0.04246,0.69895,0.69669,0.11576,0.11270,-0.30003,1.92185,0.10010,
2510994442000,2.26262,29.64902,-0.04971,0.69679,0.69391,0.12705,0.12973,-0.29959,1.88369,0.02380,
2511094433000,2.24031,29.89269,-0.06371,0.69368,0.69236,0.13750,0.14333,-0.35154,1.86213,-0.19877,
2511194424000,2.19796,30.05498,-0.08394,0.69259,0.68968,0.14915,0.14970,-0.32787,1.84077,-0.18331,
2511294415000,2.13865,30.35324,-0.09159,0.69340,0.68865,0.14780,0.15205,-0.42142,1.92308,-0.04077,
2511394406000,2.08943,30.49183,-0.09236,0.68952,0.69043,0.15197,0.15739,-0.52637,1.82570,0.00748,
2511494397000,2.03787,30.67908,-0.09291,0.68359,0.68864,0.15773,0.18330,-0.49665,1.87322,-0.06855,
2511594387000,1.97316,30.87218,-0.11606,0.68388,0.68681,0.15781,0.18893,-0.62813,1.83160,-0.23623,
2511694378000,1.91450,30.98303,-0.13918,0.67777,0.67955,0.18767,0.20884,-0.69238,1.76243,-0.13198,
2511794369000,1.83146,31.14382,-0.13270,0.67201,0.67115,0.21725,0.22531,-0.77043,1.70014,0.03039,
2511894360000,1.73428,31.34874,-0.12965,0.67540,0.66112,0.22496,0.23695,-0.84256,1.63217,-0.05084,
2511994351000,1.67646,31.37603,-0.14401,0.66554,0.65493,0.24428,0.26163,-0.85998,1.38543,-0.22893,
2512094342000,1.58101,31.51861,-0.15582,0.66343,0.64776,0.26006,0.26952,-0.89215,1.37960,-0.18445,
2512194333000,1.41359,31.81501,-0.14824,0.66643,0.63857,0.27320,0.27102,-1.04281,1.46454,0.01411,
2512294323000,1.31354,31.85249,-0.13000,0.66089,0.63312,0.28039,0.28943,-1.07782,1.28258,0.05157,
2512394314000,1.14430,32.10389,-0.13141,0.65743,0.62817,0.28156,0.30645,-1.19664,1.28302,-0.07198,
2512494305000,1.11370,32.02825,-0.13362,0.63983,0.62597,0.30393,0.32620,-1.14367,0.99850,-0.06414,
2512594296000,0.86756,32.28620,-0.12032,0.62351,0.61427,0.33193,0.35175,-1.37291,1.06930,0.08040,
2512694287000,0.81300,32.26987,-0.10892,0.61214,0.61156,0.33981,0.36851,-1.30408,0.88043,0.08458,
2512794278000,0.65571,32.36180,-0.10441,0.59834,0.60724,0.34811,0.38997,-1.36635,0.76150,-0.08428,
2512894269000,0.50026,32.44154,-0.12525,0.58591,0.60303,0.35867,0.40549,-1.41737,0.71926,-0.21849,
2512994259000,0.39717,32.46440,-0.13603,0.58250,0.59806,0.36979,0.40776,-1.41423,0.63860,-0.05704,
2513094250000,0.17609,32.59096,-0.12920,0.57159,0.59718,0.38142,0.41374,-1.56001,0.58554,0.07684,
2513194241000,0.02270,32.64615,-0.11459,0.56259,0.59283,0.38873,0.42537,-1.61212,0.58725,0.02967,
2513294232000,-0.13139,32.69597,-0.11670,0.55856,0.58529,0.40011,0.43054,-1.65896,0.51448,-0.15729,
2513394223000,-0.30541,32.73879,-0.12337,0.55250,0.58551,0.40049,0.43764,-1.74994,0.51455,-0.10930,
2513494214000,-0.42116,32.77629,-0.12642,0.54303,0.57727,0.41313,0.44856,-1.75067,0.41427,0.03089,
2513594205000,-0.60424,32.83349,-0.11295,0.54250,0.56680,0.42529,0.45117,-1.78656,0.41699,0.09552,
2513694195000,-0.81707,32.89717,-0.11016,0.53898,0.55424,0.43759,0.45917,-1.81802,0.35711,-0.10347,
2513794186000,-0.90995,32.91982,-0.12344,0.53451,0.54872,0.44536,0.46353,-1.74310,0.35439,-0.17913,
2513894177000,-1.13059,32.99089,-0.13377,0.53680,0.53982,0.45272,0.46420,-1.82289,0.37315,-0.06883,
2513994168000,-1.29247,33.03588,-0.13014,0.53661,0.53219,0.46464,0.46145,-1.81946,0.34119,0.05151,
2514094159000,-1.46489,33.06932,-0.12430,0.52854,0.53332,0.46499,0.46904,-1.86426,0.35679,0.02119,
2514194150000,-1.53175,33.08672,-0.12355,0.52469,0.53558,0.46770,0.46810,-1.74498,0.30153,-0.11758,
2514294141000,-1.77264,33.13180,-0.13825,0.51324,0.52995,0.47576,0.47894,-1.85859,0.28677,-0.09923,
2514394131000,-1.93770,33.15990,-0.13909,0.50248,0.52898,0.48097,0.48617,-1.90121,0.29440,0.09082,
2514494122000,-2.05488,33.18087,-0.12283,0.49610,0.53279,0.48036,0.48915,-1.84760,0.24246,0.07527,
2514594113000,-2.28418,33.20850,-0.12549,0.49222,0.52433,0.48875,0.49389,-1.89571,0.19724,-0.12234,
2514694104000,-2.38465,33.22026,-0.13436,0.48945,0.52271,0.49251,0.49463,-1.84207,0.19429,-0.21649,
2514794095000,-2.63726,33.24340,-0.15733,0.48926,0.52049,0.49426,0.49541,-1.95665,0.19755,-0.11625,
2514894086000,-2.78807,33.25556,-0.15274,0.49150,0.51881,0.49888,0.49029,-1.92676,0.13542,0.06852,
2514994077000,-2.97188,33.26942,-0.14614,0.48999,0.51871,0.49848,0.49231,-1.94043,0.17017,0.00727,
2515094067000,-3.17629,33.28652,-0.15361,0.49127,0.51857,0.49754,0.49214,-1.93486,0.14544,-0.08646,
2515194058000,-3.36517,33.29996,-0.16398,0.49312,0.51753,0.50048,0.48838,-1.92856,0.10968,-0.07946,
2515294049000,-3.48980,33.31100,-0.15367,0.49052,0.51673,0.50903,0.48298,-1.90675,0.14832,0.06859,
2515394040000,-3.67537,33.32266,-0.14552,0.49613,0.51517,0.51289,0.47476,-1.90612,0.09356,0.02983,
2515494031000,-3.88961,33.32691,-0.15118,0.49997,0.51396,0.51319,0.47172,-1.91675,0.00683,-0.17217,
2515594022000,-4.08387,33.32701,-0.17445,0.49810,0.51857,0.50726,0.47505,-1.95429,-0.00139,-0.18177,
2515694013000,-4.23250,33.32818,-0.17867,0.50396,0.52667,0.50063,0.46692,-1.92837,0.00245,0.01648,
2515794003000,-4.41186,33.32547,-0.17101,0.51002,0.52174,0.50750,0.45838,-1.91059,-0.03062,0.09201,
2515893994000,-4.61187,33.32589,-0.16325,0.50913,0.52389,0.50455,0.46017,-1.93364,0.03447,-0.02739,
2515993985000,-4.80117,33.32295,-0.17083,0.50789,0.53204,0.49471,0.46286,-1.92474,-0.04504,-0.10909,
2516093976000,-4.98262,33.32370,-0.18130,0.49841,0.52928,0.49620,0.47459,-1.93401,-0.06384,-0.01023,
2516193967000,-5.15739,33.32239,-0.17659,0.49648,0.52127,0.50423,0.47701,-1.94109,0.01854,0.04887,
2516293958000,-5.33201,33.32297,-0.17040,0.49819,0.52028,0.50178,0.47888,-1.90390,-0.02795,-0.03032,
2516393949000,-5.50858,33.32281,-0.17791,0.49794,0.52102,0.49833,0.48193,-1.89197,-0.03205,-0.16810,
2516493939000,-5.69274,33.32113,-0.19653,0.49879,0.51863,0.49893,0.48301,-1.89645,-0.04602,-0.16642,
2516593930000,-5.87277,33.32289,-0.20044,0.50397,0.51228,0.49920,0.48413,-1.90220,0.01526,-0.01006,
2516693921000,-6.05219,33.32290,-0.19882,0.50850,0.50870,0.49520,0.48727,-1.88909,-0.00419,0.03097,
2516793912000,-6.21587,33.32781,-0.19673,0.50985,0.50837,0.49223,0.48921,-1.87234,0.00853,-0.05835,
2516893903000,-6.39610,33.33146,-0.20286,0.51159,0.50739,0.49151,0.48913,-1.86497,0.02487,-0.06055,
2516993894000,-6.62462,33.33256,-0.19980,0.51181,0.50601,0.49395,0.48787,-1.92182,0.02710,0.07277,
2517093885000,-6.81668,33.33400,-0.19100,0.51428,0.50253,0.49834,0.48438,-1.91542,0.02397,0.08998,
2517193875000,-7.00475,33.33654,-0.18510,0.51378,0.50403,0.49480,0.48698,-1.85655,-0.02065,-0.04827,
2517293866000,-7.15980,33.34114,-0.19364,0.51444,0.50392,0.49300,0.48823,-1.82125,-0.04191,-0.13656,
2517393857000,-7.33664,33.34498,-0.20646,0.51796,0.49461,0.50269,0.48413,-1.81476,-0.01886,-0.07938,
2517493848000,-7.49281,33.35531,-0.20478,0.51996,0.49085,0.51319,0.47470,-1.81331,0.01002,0.03214,
2517593839000,-7.65477,33.35902,-0.19823,0.51609,0.49394,0.51056,0.47854,-1.82541,0.01231,0.05170,
2517693830000,-7.87562,33.35037,-0.19954,0.51266,0.49565,0.50926,0.48184,-1.86313,-0.02796,-0.06682,
2517793821000,-8.05918,33.35091,-0.21177,0.50226,0.49591,0.51376,0.48771,-1.90568,-0.00686,-0.12132,
2517893811000,-8.22376,33.35698,-0.22020,0.49103,0.49322,0.51727,0.49804,-1.94037,0.02055,0.03539,
2517993802000,-8.40072,33.36353,-0.21606,0.48525,0.49852,0.51333,0.50250,-1.92467,0.01189,0.06922,
2518093793000,-8.57531,33.36618,-0.21060,0.48161,0.50023,0.51147,0.50618,-1.92334,0.02052,-0.04712,
2518193784000,-8.76935,33.36854,-0.22160,0.48359,0.49571,0.51353,0.50665,-1.95677,0.02909,-0.20612,
2518293775000,-8.96274,33.36994,-0.24289,0.48715,0.49004,0.51632,0.50593,-1.98984,0.06907,-0.20186,
2518393766000,-9.16616,33.37641,-0.25778,0.49467,0.48862,0.51330,0.50306,-2.00022,0.05495,-0.04093,
2518493757000,-9.36365,33.37866,-0.25995,0.49998,0.48653,0.50307,0.51013,-1.99864,0.05738,0.00838,
2518593747000,-9.56454,33.38548,-0.26361,0.50254,0.48612,0.50004,0.51099,-1.99345,0.04325,-0.12632,
2518693738000,-9.74364,33.39168,-0.28028,0.50455,0.48264,0.50185,0.51052,-1.96603,0.04173,-0.13701,
2518793729000,-9.93150,33.39954,-0.28569,0.50463,0.47547,0.50811,0.51098,-1.96319,0.09210,0.02348,
2518893720000,-10.13671,33.40538,-0.28001,0.50557,0.47593,0.50672,0.51100,-1.95693,0.06228,0.07107,
2518993711000,-10.30369,33.41691,-0.27482,0.50699,0.47543,0.50511,0.51166,-1.91729,0.02478,-0.11123,
2519093702000,-10.48656,33.42004,-0.29055,0.50809,0.47045,0.50715,0.51314,-1.91314,0.02380,-0.17544,
2519193693000,-10.71025,33.42112,-0.30784,0.50760,0.47089,0.50416,0.51617,-1.94274,0.06849,-0.03349,
2519293683000,-10.90462,33.42316,-0.30606,0.50860,0.47042,0.50430,0.51547,-1.93649,0.07750,0.05259,
2519393674000,-11.10815,33.43082,-0.30283,0.50907,0.47210,0.50246,0.51526,-1.97060,0.08840,-0.01377,
2519493665000,-11.29824,33.44156,-0.30975,0.51220,0.46946,0.50399,0.51307,-1.96806,0.09144,-0.08129,
2519593656000,-11.47137,33.45234,-0.31156,0.51304,0.46843,0.50402,0.51315,-1.94595,0.12047,0.05828,
2519693647000,-11.66866,33.46076,-0.30007,0.50991,0.47223,0.50038,0.51634,-1.93130,0.12147,0.11115,
2519793638000,-11.84557,33.47435,-0.29163,0.50807,0.47408,0.49852,0.51826,-1.89067,0.07997,-0.01081,
2519893629000,-12.01964,33.48785,-0.29913,0.50542,0.46801,0.50353,0.52151,-1.86429,0.07694,-0.15149,
2519993619000,-12.18157,33.48927,-0.31036,0.50788,0.46310,0.50665,0.52048,-1.86814,0.13230,-0.08854,
2520093610000,-12.35153,33.49403,-0.31021,0.51370,0.46249,0.50815,0.51380,-1.84754,0.08256,0.06662,
2520193601000,-12.54049,33.50151,-0.30329,0.51066,0.46647,0.50585,0.51552,-1.91189,0.13880,0.06573,
2520293592000,-12.76050,33.50301,-0.30426,0.51098,0.47438,0.50543,0.50834,-1.94927,0.06087,-0.10563,
2520393583000,-12.94608,33.51981,-0.31526,0.51150,0.46726,0.51344,0.50636,-1.97288,0.03617,-0.06421,
2520493574000,-13.11134,33.51372,-0.31256,0.50241,0.45960,0.52134,0.51435,-1.97020,0.07433,0.08303,
2520593565000,-13.29352,33.51017,-0.30673,0.50039,0.46384,0.51575,0.51814,-1.95841,-0.00325,0.04964,
2520693555000,-13.45158,33.50596,-0.31271,0.50080,0.46322,0.50973,0.52422,-1.92379,0.03345,-0.13069,
2520793546000,-13.64251,33.50663,-0.32996,0.50469,0.45970,0.51168,0.52168,-1.92111,-0.02490,-0.16566,
2520893537000,-13.80210,33.49912,-0.34535,0.50403,0.46081,0.51054,0.52246,-1.93988,0.02329,0.02047,
2520993528000,-13.98584,33.49895,-0.33907,0.50113,0.46399,0.50902,0.52392,-1.92125,0.01794,0.09504,
2521093519000,-14.23749,33.49316,-0.33770,0.49726,0.46918,0.50572,0.52617,-1.99496,0.03025,-0.02773,
2521193510000,-14.43672,33.49494,-0.34552,0.49818,0.46803,0.50840,0.52373,-2.03551,0.00401,-0.12831,
2521293501000,-14.58493,33.49276,-0.35657,0.49626,0.46297,0.51323,0.52533,-2.01526,-0.01934,0.03670,
2521393491000,-14.78347,33.49332,-0.34723,0.49266,0.46458,0.51159,0.52890,-2.00498,-0.00794,0.10988,
2521493482000,-15.01429,33.48569,-0.34408,0.49606,0.46010,0.50871,0.53240,-1.99512,-0.04241,-0.03112,
2521593473000,-15.21344,33.47868,-0.35685,0.49761,0.45639,0.50874,0.53412,-1.98258,-0.04417,-0.16905,
2521693464000,-15.34434,33.46855,-0.37019,0.49699,0.45827,0.50509,0.53653,-1.94304,-0.02570,-0.10427,
2521793455000,-15.53402,33.46650,-0.37136,0.50572,0.46398,0.49999,0.52818,-1.92813,-0.05514,0.04781,
2521893446000,-15.72332,33.45626,-0.36432,0.50811,0.46172,0.49933,0.52850,-1.96145,-0.00472,0.05163,
2521993437000,-15.89815,33.45369,-0.36107,0.51258,0.45879,0.50083,0.52530,-1.94335,-0.03924,-0.05070,
2522093427000,-16.08231,33.45034,-0.36882,0.51304,0.45590,0.50218,0.52608,-1.92424,-0.06280,-0.02327,
2522193418000,-16.28729,33.43615,-0.36448,0.50573,0.46084,0.49812,0.53267,-1.92113,-0.02509,0.11718,
2522293409000,-16.48626,33.42699,-0.34847,0.50354,0.46397,0.49718,0.53291,-1.92212,-0.09996,0.15683,
2522393400000,-16.59937,33.41938,-0.35216,0.50030,0.46136,0.50690,0.52906,-1.85990,-0.10126,-0.04633,
2522493391000,-16.78779,33.40784,-0.36451,0.49420,0.46506,0.51325,0.52541,-1.87122,-0.07580,-0.14634,
2522593382000,-16.91204,33.39615,-0.37663,0.48949,0.47363,0.51110,0.52426,-1.86189,-0.08760,0.02109,
2522693373000,-17.09496,33.38571,-0.36850,0.48838,0.47537,0.51372,0.52115,-1.88252,-0.07085,0.08211,
2522793363000,-17.28069,33.37845,-0.36609,0.49134,0.47376,0.51811,0.51546,-1.89993,-0.05522,0.01208,
2522893354000,-17.46382,33.37270,-0.37071,0.49197,0.47177,0.52918,0.50533,-1.92634,-0.05614,-0.05705,
2522993345000,-17.70033,33.36148,-0.37295,0.48824,0.47284,0.53181,0.50520,-1.97060,-0.10612,0.02318,
2523093336000,-17.89745,33.35710,-0.36662,0.48080,0.47793,0.52874,0.51074,-1.97252,-0.06817,0.07580,
2523193327000,-18.02839,33.35443,-0.36448,0.48215,0.47648,0.52814,0.51143,-1.90419,-0.11168,0.01639,
2523293318000,-18.21411,33.34358,-0.37234,0.48429,0.47047,0.53163,0.51136,-1.88880,-0.09360,-0.14514,
2523393309000,-18.39707,33.33447,-0.38807,0.48535,0.46924,0.53312,0.50993,-1.88829,-0.11793,-0.09473,
2523493299000,-18.53516,33.32618,-0.38951,0.48332,0.47644,0.53382,0.50443,-1.87304,-0.11867,0.05609,
2523593290000,-18.71560,33.31367,-0.38139,0.47960,0.48400,0.52986,0.50495,-1.89174,-0.11379,0.06882,
2523693281000,-18.89848,33.30146,-0.38029,0.48121,0.49018,0.52616,0.50131,-1.90144,-0.13238,-0.05895,
2523793272000,-19.08428,33.28647,-0.38936,0.48059,0.49480,0.52392,0.49972,-1.92522,-0.18210,-0.08932,
2523893263000,-19.27253,33.26882,-0.39133,0.47431,0.49820,0.52302,0.50327,-1.95068,-0.16413,0.05338,
2523993254000,-19.46999,33.25333,-0.37971,0.47331,0.50422,0.51829,0.50310,-1.93467,-0.17482,0.13200,
2524093245000,-19.66074,33.23160,-0.36854,0.47376,0.50525,0.51756,0.50241,-1.88348,-0.23067,-0.01913,
2524193235000,-19.84502,33.20893,-0.37916,0.47341,0.50413,0.51843,0.50295,-1.89506,-0.26244,-0.14895,
2524293226000,-20.05532,33.17930,-0.39044,0.47046,0.50530,0.51785,0.50514,-1.92025,-0.25111,-0.09295,
2524393217000,-20.24929,33.15061,-0.39462,0.47245,0.50533,0.52025,0.50077,-1.92009,-0.29140,0.04549,
2524493208000,-20.36610,33.13509,-0.39030,0.47087,0.50576,0.52056,0.50151,-1.90641,-0.24434,0.04420,
2524593199000,-20.54678,33.11169,-0.39025,0.47103,0.50684,0.51823,0.50268,-1.88553,-0.25943,-0.08174,
2524693190000,-20.73750,33.08345,-0.40067,0.47192,0.50488,0.52093,0.50102,-1.89897,-0.25752,-0.10375,
2524793181000,-20.92616,33.05855,-0.40593,0.47143,0.49821,0.52857,0.50015,-1.92637,-0.23872,0.02954,
2524893171000,-21.14041,33.02999,-0.39423,0.47547,0.49212,0.53228,0.49843,-1.90773,-0.24140,0.09069,
2524993162000,-21.32169,33.00539,-0.38813,0.47957,0.48664,0.53525,0.49669,-1.86839,-0.26163,-0.00485,
2525093153000,-21.51080,32.97712,-0.39859,0.48003,0.48598,0.53494,0.49722,-1.89161,-0.30093,-0.16638,
2525193144000,-21.66213,32.95562,-0.41146,0.48176,0.48215,0.53728,0.49676,-1.89011,-0.27537,-0.14980,
2525293135000,-21.84719,32.92914,-0.41845,0.48867,0.47974,0.53886,0.49058,-1.86228,-0.30437,0.02076,
2525393126000,-22.03941,32.89932,-0.41465,0.48778,0.48089,0.53611,0.49335,-1.89371,-0.28049,0.04809,
2525493117000,-22.22396,32.87122,-0.41741,0.48613,0.48404,0.53121,0.49719,-1.87324,-0.30545,-0.11104,
2525593107000,-22.45871,32.83193,-0.42541,0.48554,0.48439,0.52924,0.49952,-1.90064,-0.28782,-0.09980,
2525693098000,-22.64800,32.80302,-0.42597,0.47939,0.47980,0.53307,0.50579,-1.91731,-0.29501,0.07953,
2525793089000,-22.79868,32.78639,-0.41747,0.47968,0.47741,0.53454,0.50621,-1.89175,-0.27274,0.10317,
2525893080000,-22.98737,32.76005,-0.41189,0.47844,0.47105,0.53659,0.51115,-1.86775,-0.29450,-0.07325,
2525993071000,-23.17282,32.73214,-0.42592,0.47838,0.47052,0.53513,0.51323,-1.87733,-0.30154,-0.17296,
2526093062000,-23.34845,32.70560,-0.44238,0.47729,0.47093,0.53233,0.51676,-1.87545,-0.26632,-0.10290,
2526193053000,-23.53281,32.67769,-0.44499,0.48107,0.47104,0.53059,0.51494,-1.85010,-0.32322,0.03838,
2526293043000,-23.71398,32.65223,-0.43852,0.48200,0.47079,0.52396,0.52105,-1.86879,-0.26643,0.08457,
2526393034000,-23.89602,32.62399,-0.43197,0.48107,0.47125,0.52326,0.52220,-1.82873,-0.30897,-0.02897,
2526493025000,-24.04712,32.60418,-0.43573,0.47201,0.46872,0.53050,0.52543,-1.79747,-0.31022,-0.06130,
2526593016000,-24.22457,32.57551,-0.43431,0.45852,0.46781,0.53929,0.52922,-1.83844,-0.28527,0.06562,
2526693007000,-24.41433,32.54430,-0.42794,0.45303,0.46782,0.53898,0.53425,-1.85772,-0.30431,0.08076,
2526792998000,-24.59104,32.51407,-0.42361,0.45361,0.46381,0.54099,0.53522,-1.84079,-0.33343,-0.06026,
2526926319000,-24.83540,32.46934,-0.44603,0.45461,0.45981,0.54173,0.53706,-1.83412,-0.31895,-0.20033,
2526992979000,-24.94436,32.45277,-0.45509,0.45635,0.46155,0.53853,0.53731,-1.82507,-0.28433,-0.08193,
2527092970000,-25.11654,32.42773,-0.45436,0.46235,0.46838,0.53177,0.53299,-1.79702,-0.29253,0.05254,
2527192961000,-25.27484,32.41277,-0.45124,0.46658,0.47176,0.52470,0.53332,-1.81000,-0.21574,-0.01788,
2527292952000,-25.43035,32.39932,-0.45892,0.47591,0.46717,0.52770,0.52611,-1.77329,-0.22005,-0.12086,
2527392943000,-25.62277,32.37841,-0.47218,0.47700,0.46909,0.52533,0.52578,-1.78919,-0.18287,-0.04012,
2527492934000,-25.80208,32.35985,-0.46807,0.47575,0.47192,0.52489,0.52483,-1.80303,-0.17455,0.07176,
2527592925000,-25.96263,32.35021,-0.46006,0.47744,0.47263,0.52445,0.52308,-1.79153,-0.17380,0.04949,
2527692915000,-26.13163,32.33373,-0.46518,0.48095,0.46925,0.52572,0.52165,-1.74107,-0.19033,-0.12956,
2527826237000,-26.36197,32.31319,-0.48972,0.48056,0.46999,0.52150,0.52555,-1.74212,-0.16748,-0.19259,
2527892897000,-26.48029,32.30775,-0.50070,0.48247,0.47495,0.51510,0.52566,-1.76988,-0.10966,-0.06623,
2527992888000,-26.62402,32.31455,-0.49899,0.48915,0.47665,0.51227,0.52069,-1.72605,-0.11817,0.09185,
2528092879000,-26.79888,32.30743,-0.48633,0.49128,0.47543,0.51070,0.52133,-1.73251,-0.05812,0.04141,
2528192870000,-26.94145,32.31473,-0.48923,0.49363,0.47479,0.51040,0.52000,-1.69198,-0.05092,-0.08061,
2528292861000,-27.11165,32.31444,-0.49774,0.49088,0.47836,0.50807,0.52161,-1.69682,-0.03942,-0.04277,
2528392851000,-27.28402,32.31625,-0.49199,0.48718,0.48185,0.50642,0.52346,-1.72756,-0.01459,0.08860,
2528492842000,-27.39674,32.32738,-0.47369,0.48629,0.48065,0.50636,0.52545,-1.66825,-0.01752,0.05486,
2528592833000,-27.56698,32.32090,-0.47603,0.48374,0.47694,0.50738,0.53017,-1.62459,-0.02374,-0.10940,
2528692824000,-27.67212,32.32538,-0.48117,0.48113,0.47884,0.50395,0.53410,-1.58960,-0.04101,-0.15583,
2528792815000,-27.83457,32.32252,-0.49375,0.48172,0.47817,0.50434,0.53380,-1.60387,-0.00856,-0.05269,
2528892806000,-27.87502,32.33266,-0.47985,0.48148,0.47775,0.50532,0.53346,-1.54909,-0.00649,0.12198,
2528992797000,-28.02891,32.33786,-0.46925,0.47883,0.47888,0.50686,0.53337,-1.57060,0.06768,0.07952,
2529092787000,-28.25392,32.33843,-0.46066,0.47276,0.48396,0.51267,0.52863,-1.62742,0.07066,-0.05291,
2529192778000,-28.41851,32.34065,-0.46659,0.46712,0.48356,0.51806,0.52875,-1.64105,0.03804,-0.06841,
2529292769000,-28.51220,32.35238,-0.46141,0.45379,0.47062,0.52987,0.54021,-1.61873,0.02142,0.09182,
2529392760000,-28.71785,32.35240,-0.44438,0.44744,0.46870,0.53545,0.54168,-1.65918,0.01640,0.08081,
2529492751000,-28.86401,32.35056,-0.43629,0.43738,0.46174,0.54087,0.55041,-1.67509,-0.01433,-0.02241,
2529592742000,-29.03704,32.34533,-0.44167,0.43679,0.45702,0.54332,0.55241,-1.68620,-0.04842,-0.09405,
2529692733000,-29.21855,32.33271,-0.44997,0.43432,0.45214,0.54817,0.55357,-1.69152,-0.07640,-0.05121,
2529792723000,-29.39655,32.32729,-0.44931,0.43048,0.45030,0.55018,0.55607,-1.71538,-0.05527,0.03454,
2529892714000,-29.54641,32.32027,-0.44397,0.43034,0.44225,0.55414,0.55871,-1.70610,-0.02249,0.08522,
2529992705000,-29.71653,32.31635,-0.44185,0.43633,0.43304,0.55748,0.55795,-1.64604,-0.03196,-0.04453,
2530092696000,-29.86983,32.30861,-0.44567,0.43718,0.42931,0.56019,0.55745,-1.62268,-0.04838,-0.06476,
2530192687000,-30.03981,32.30160,-0.44573,0.43306,0.42302,0.56758,0.55800,-1.65551,-0.07395,0.03496,
2530292678000,-30.22888,32.28357,-0.43568,0.42342,0.42327,0.57120,0.56150,-1.66228,-0.14844,0.04804,
2530392669000,-30.38312,32.26329,-0.43135,0.41349,0.41885,0.57607,0.56721,-1.65727,-0.19518,0.03530,
2530492659000,-30.57684,32.23564,-0.43291,0.40332,0.40825,0.58457,0.57354,-1.69277,-0.20070,-0.10447,
2530592650000,-30.74687,32.20612,-0.44732,0.40121,0.40619,0.58778,0.57320,-1.69961,-0.26728,-0.13927,
2530692641000,-30.95015,32.16915,-0.45192,0.40104,0.40567,0.58921,0.57221,-1.74834,-0.28712,0.03779,
2530792632000,-31.11948,32.13710,-0.44552,0.39225,0.40379,0.59020,0.57857,-1.72498,-0.31667,0.09096,
2530892623000,-31.28657,32.10470,-0.44070,0.38922,0.39244,0.59668,0.58179,-1.71866,-0.31381,0.00657,
2530992614000,-31.44495,32.06514,-0.44233,0.38069,0.37802,0.60638,0.58692,-1.71719,-0.32702,-0.06830,
2531092605000,-31.58864,32.01947,-0.44198,0.37245,0.37775,0.60959,0.58905,-1.74759,-0.35709,0.04811,
2531192595000,-31.75497,31.96623,-0.43059,0.34738,0.37094,0.62174,0.59596,-1.78606,-0.36890,0.08644,
2531292586000,-31.92732,31.92790,-0.42265,0.35073,0.35824,0.62957,0.59355,-1.71856,-0.47539,0.06023,
2531392577000,-32.04745,31.87673,-0.42018,0.33466,0.33646,0.63838,0.60603,-1.67752,-0.45796,-0.07144,
2531492568000,-32.21502,31.83373,-0.43132,0.32714,0.33288,0.63799,0.61248,-1.63460,-0.48980,-0.11534,
2531592559000,-32.30518,31.78180,-0.43924,0.31566,0.32303,0.64160,0.61997,-1.55742,-0.48899,-0.01335,
2531692550000,-32.45844,31.73577,-0.43350,0.30669,0.30758,0.65208,0.62139,-1.54549,-0.49199,0.09726,
2531792541000,-32.52535,31.67898,-0.42081,0.30020,0.29723,0.65964,0.62162,-1.54507,-0.49753,0.06998,
2531892531000,-32.61681,31.61275,-0.42005,0.28990,0.28989,0.66873,0.62026,-1.47323,-0.56937,-0.05644,
2531992522000,-32.70288,31.56343,-0.42360,0.27169,0.28614,0.67581,0.62256,-1.43124,-0.61008,-0.07473,
2532092513000,-32.72808,31.49222,-0.42543,0.24419,0.27395,0.68120,0.63348,-1.34421,-0.69513,0.02138,
2532192504000,-32.80622,31.41306,-0.42491,0.23030,0.25949,0.68527,0.64034,-1.21796,-0.78453,0.03516,
2532292495000,-32.88198,31.33174,-0.42826,0.20459,0.23469,0.68799,0.65554,-1.18136,-0.78547,-0.10118,
2532392486000,-32.96926,31.25419,-0.44541,0.19696,0.23062,0.68663,0.66073,-1.14169,-0.80065,-0.17236,
2532492477000,-33.06288,31.16518,-0.45997,0.18357,0.22403,0.68690,0.66654,-1.15299,-0.81135,-0.11390,
2532592467000,-33.16816,31.08273,-0.46888,0.18061,0.21919,0.68543,0.67046,-1.06342,-0.84457,-0.07833,
2532692458000,-33.25064,30.99453,-0.46863,0.18033,0.20086,0.67342,0.68822,-1.10625,-0.85456,0.00170,
2532792449000,-33.36758,30.91135,-0.47335,0.18024,0.18647,0.67188,0.69377,-1.06547,-0.85287,-0.08656,
2532892440000,-33.41861,30.81746,-0.48146,0.16691,0.18693,0.67140,0.69744,-0.98819,-0.85686,-0.06335,
2532992431000,-33.47278,30.72262,-0.47475,0.14874,0.17916,0.67510,0.70002,-0.91767,-0.90281,0.05660,
2533092422000,-33.49425,30.64101,-0.47040,0.14489,0.17438,0.67752,0.69969,-0.80514,-0.92887,0.02548,
2533192413000,-33.51700,30.54366,-0.47722,0.13417,0.15289,0.68068,0.70378,-0.73066,-0.94039,-0.11512,
2533292403000,-33.59354,30.45516,-0.49531,0.13054,0.14683,0.68239,0.70409,-0.76703,-0.93821,-0.18753,
2533392394000,-33.62198,30.37605,-0.51925,0.12774,0.14903,0.68418,0.70240,-0.76935,-0.93032,-0.06187,
2533492385000,-33.69196,30.28444,-0.51748,0.13147,0.14635,0.68608,0.70042,-0.74241,-0.93766,0.05428,
2533592376000,-33.76411,30.19355,-0.51174,0.13900,0.13829,0.68751,0.69920,-0.72530,-0.93024,-0.00385,
2533692367000,-33.82604,30.10187,-0.51823,0.14242,0.13179,0.68883,0.69847,-0.66178,-0.92629,-0.09795,
2533792358000,-33.87231,30.01275,-0.52140,0.13154,0.12907,0.69019,0.69977,-0.53992,-0.94510,0.01826,
2533892349000,-33.91857,29.91119,-0.51525,0.11222,0.12218,0.69747,0.69715,-0.54808,-0.97754,0.07190,
2533992339000,-33.84125,29.95657,-0.50624,0.10241,0.11320,0.69961,0.69803,-0.43573,-0.90740,0.00868,
2534092330000,-34.00069,29.69072,-0.52360,0.09881,0.09624,0.69900,0.70169,-0.47645,-1.04169,-0.15361,
2534192321000,-34.07922,29.57429,-0.53328,0.09407,0.09221,0.69668,0.70518,-0.48504,-1.04095,-0.12116,
2534292312000,-34.08275,29.54048,-0.51403,0.08896,0.09102,0.69426,0.70838,-0.38409,-0.98660,0.07181,
2534392303000,-34.13171,29.43615,-0.50351,0.07997,0.08331,0.68930,0.71521,-0.44564,-0.95729,0.09571,
2534492294000,-34.12660,29.42065,-0.49115,0.08067,0.07998,0.69077,0.71409,-0.35932,-0.89523,0.00845,
2534592285000,-34.15477,29.32611,-0.49588,0.07135,0.07164,0.69538,0.71149,-0.28484,-0.90836,-0.03159,
2534725606000,-34.19019,29.18599,-0.49028,0.03428,0.06058,0.70375,0.70703,-0.23837,-0.94997,0.08593,
2534792266000,-34.13195,29.26637,-0.47299,0.03094,0.04791,0.70616,0.70575,-0.09647,-0.85825,0.10011,
2534892257000,-34.16430,29.11443,-0.47464,0.00577,0.01240,0.70438,0.70969,-0.10024,-0.91713,-0.03742,
2534992248000,-34.19584,28.99772,-0.48527,-0.00336,0.00940,0.70210,0.71201,-0.15035,-0.95499,-0.07444,
2535092239000,-34.17626,29.07912,-0.48147,-0.01140,0.02451,0.70176,0.71190,-0.12692,-0.77201,0.02774,
2535192230000,-34.18054,29.00100,-0.47535,-0.00071,0.02379,0.70352,0.71027,0.00178,-0.74013,0.08330,
2535292221000,-34.25818,28.68127,-0.47278,-0.00786,0.01955,0.69669,0.71707,-0.10989,-0.96061,0.08400,
2535392211000,-34.26429,28.58681,-0.47105,-0.00910,0.01314,0.69446,0.71935,-0.04071,-0.90120,-0.02118,
2535492202000,-34.26686,28.48222,-0.47691,-0.02076,0.00919,0.69773,0.71600,-0.05178,-0.91449,-0.01194,
2535592193000,-34.27743,28.36274,-0.47284,-0.02568,0.00881,0.70367,0.71001,-0.01673,-0.95705,0.06268,
2535725514000,-34.27835,28.21310,-0.46847,-0.03547,-0.00586,0.70298,0.71030,0.02460,-1.01424,0.01907,
2535792175000,-34.25236,28.33872,-0.47856,-0.03964,-0.00536,0.70326,0.70981,0.05237,-0.87173,-0.08375,
2535892166000,-34.24456,28.03381,-0.49847,-0.04309,-0.00609,0.70218,0.71067,0.09648,-1.03456,-0.14656,
2535992157000,-34.23459,27.92345,-0.50914,-0.03897,-0.01424,0.70274,0.71024,0.13933,-1.05000,-0.05273,
2536092147000,-34.22552,27.81908,-0.50459,-0.03665,-0.02097,0.70325,0.70969,0.17112,-1.06440,0.11379,
2536192138000,-34.21733,27.85155,-0.49115,-0.04770,-0.02154,0.70315,0.70911,0.11790,-0.97577,0.05321,
2536292129000,-34.20820,27.76515,-0.49638,-0.05450,-0.01928,0.70413,0.70771,0.10519,-0.98434,-0.10357,
2536392120000,-34.20164,27.62213,-0.51260,-0.05935,-0.02497,0.70599,0.70529,0.07688,-1.05031,-0.12108,
2536492111000,-34.19579,27.50963,-0.51425,-0.05681,-0.03276,0.70744,0.70372,0.02479,-1.10911,0.03952,
2536592102000,-34.19074,27.42479,-0.50590,-0.05102,-0.03668,0.70226,0.70914,0.08629,-1.06281,0.05755,
2536692093000,-34.18140,27.32815,-0.50556,-0.04649,-0.04157,0.69507,0.71624,0.12603,-1.00320,-0.09958,
2536792083000,-34.16970,27.21627,-0.52178,-0.04894,-0.04008,0.69110,0.71999,0.11623,-1.00749,-0.17320,
2536892074000,-34.14732,27.03899,-0.52252,-0.05122,-0.03349,0.68952,0.72168,0.14291,-1.05012,-0.03619,
2536992065000,-34.12688,26.91626,-0.52055,-0.03641,-0.03824,0.69142,0.72052,0.23718,-1.02353,0.06967,
2537092056000,-34.11971,26.87177,-0.51434,-0.04634,-0.04027,0.69075,0.72048,0.10520,-1.04253,0.06338,
2537192047000,-34.09043,26.69190,-0.52019,-0.05263,-0.03074,0.68921,0.72199,0.12636,-1.07506,-0.04750,
2537292038000,-34.08764,26.61616,-0.52540,-0.05639,-0.02158,0.69001,0.72128,0.07794,-1.07739,-0.03229,
2537392029000,-34.07651,26.51599,-0.52173,-0.05974,-0.02794,0.69384,0.71710,0.09256,-1.07432,0.07382,
2537492019000,-34.06488,26.39405,-0.51186,-0.05789,-0.03057,0.69567,0.71537,0.08457,-1.09144,0.08240,
2537592010000,-34.05218,26.29124,-0.50870,-0.05487,-0.03366,0.69443,0.71668,0.08943,-1.06008,-0.05929,
2537692001000,-34.02739,26.16362,-0.52240,-0.05488,-0.03420,0.69228,0.71872,0.11105,-1.04191,-0.17944,
2537791992000,-34.01450,26.05367,-0.53752,-0.05650,-0.03192,0.68973,0.72115,0.09664,-1.03653,-0.09021,
2537891983000,-34.00524,25.94202,-0.53968,-0.04474,-0.03147,0.69020,0.72154,0.09800,-1.00370,0.02012,
2537991974000,-33.98968,25.82586,-0.53416,-0.04312,-0.03123,0.69077,0.72111,0.08970,-1.03683,0.05218,
2538091965000,-33.98214,25.72217,-0.53060,-0.04285,-0.03059,0.69085,0.72108,0.07544,-1.04872,-0.04173,
2538191955000,-33.97219,25.61361,-0.53689,-0.04373,-0.02920,0.69179,0.72018,0.08388,-1.06797,-0.08587,
2538291946000,-33.96519,25.50699,-0.53878,-0.04530,-0.03042,0.69365,0.71825,0.09734,-1.08164,0.03505,
2538391937000,-33.95357,25.39958,-0.52992,-0.04596,-0.03470,0.69819,0.71360,0.05628,-1.07913,0.07534,
2538491928000,-33.94000,25.26811,-0.51795,-0.04217,-0.04046,0.69782,0.71389,0.11492,-1.10118,0.02472,
2538591919000,-33.92199,25.14443,-0.51850,-0.04482,-0.03893,0.69722,0.71439,0.12541,-1.10938,-0.16042,
2538691910000,-33.90777,25.03231,-0.53388,-0.04911,-0.03516,0.69715,0.71438,0.14591,-1.11340,-0.12703,
2538791901000,-33.89294,24.91621,-0.53555,-0.04879,-0.03549,0.69663,0.71489,0.14496,-1.14521,0.10064,
2538891891000,-33.87898,24.80097,-0.52188,-0.04789,-0.03575,0.69562,0.71592,0.09101,-1.14353,0.12278,
2538991882000,-33.86876,24.68773,-0.52109,-0.04317,-0.03374,0.69548,0.71646,0.09374,-1.09584,-0.04910,
2539091873000,-33.85206,24.53623,-0.52913,-0.04689,-0.02862,0.69543,0.71649,0.07898,-1.10204,-0.04246,
2539191864000,-33.84655,24.43461,-0.52642,-0.04784,-0.02820,0.69587,0.71602,0.07344,-1.08598,0.11711,
2539291855000,-33.84115,24.32888,-0.51444,-0.04389,-0.03186,0.69529,0.71668,0.08302,-1.07572,0.10363,
2539391846000,-33.83303,24.22373,-0.51003,-0.04169,-0.03500,0.69500,0.71694,0.09107,-1.04173,-0.05221,
2539491837000,-33.82554,24.10349,-0.52204,-0.04470,-0.03274,0.69393,0.71791,0.06408,-1.06571,-0.15764,
2539591827000,-33.81701,23.98486,-0.53801,-0.04673,-0.02924,0.69322,0.71862,0.02608,-1.07101,-0.08358,
2539691818000,-33.81205,23.87569,-0.53748,-0.02738,-0.02666,0.69495,0.71804,0.07542,-1.03357,0.06651,
2539791809000,-33.80966,23.77260,-0.52784,-0.02844,-0.02550,0.69434,0.71863,-0.04669,-1.08783,0.08806,
2539891800000,-33.80760,23.66528,-0.52495,-0.02529,-0.02123,0.69417,0.71905,0.01794,-1.04130,-0.05386,
2539991791000,-33.80346,23.56201,-0.52819,-0.02866,-0.01809,0.69430,0.71888,0.03578,-1.06097,-0.04108,
2540091782000,-33.80153,23.45958,-0.52307,-0.03779,-0.02191,0.69718,0.71556,0.04818,-1.10002,0.10371,
2540191773000,-33.79915,23.35279,-0.51082,-0.03795,-0.02334,0.69715,0.71554,0.07243,-1.08870,0.11730,
2540291763000,-33.78950,23.24216,-0.50704,-0.04338,-0.03759,0.69598,0.71576,0.06822,-1.05354,-0.02340,
2540391754000,-33.77742,23.09337,-0.52508,-0.04879,-0.03524,0.69485,0.71663,0.05312,-1.06933,-0.15003,
2540491745000,-33.76642,22.94517,-0.54505,-0.05329,-0.02937,0.69399,0.71741,0.03985,-1.07244,-0.08763,
2540591736000,-33.76286,22.83831,-0.54250,-0.04211,-0.02362,0.69550,0.71690,0.06685,-1.06380,0.05634,
2540691727000,-33.75943,22.72725,-0.53507,-0.04144,-0.01886,0.69441,0.71813,0.00834,-1.10308,0.07486,
2540791718000,-33.75571,22.59419,-0.53950,-0.03765,-0.01740,0.69505,0.71776,0.06952,-1.09310,-0.04523,
2540891709000,-33.75640,22.50369,-0.54369,-0.04227,-0.02266,0.69917,0.71335,0.06431,-1.08906,-0.04008,
2540991699000,-33.75391,22.40095,-0.54062,-0.06077,-0.04056,0.70726,0.70317,0.05601,-1.10232,0.03917,
2541091690000,-33.74241,22.27406,-0.53879,-0.06278,-0.04039,0.70777,0.70248,0.06126,-1.13733,0.04319,
2541191681000,-33.73576,22.13402,-0.54491,-0.06324,-0.04299,0.70601,0.70406,0.05490,-1.14864,-0.08208,
2541291672000,-33.73197,22.02108,-0.55968,-0.06084,-0.04665,0.70483,0.70522,0.03986,-1.16037,-0.18068,
2541391663000,-33.72640,21.90270,-0.57677,-0.06143,-0.04386,0.70501,0.70517,0.04242,-1.18503,-0.12237,
2541491654000,-33.72110,21.77812,-0.58044,-0.05525,-0.03449,0.70594,0.70527,0.10490,-1.18847,0.02026,
2541591645000,-33.71233,21.65804,-0.57524,-0.05523,-0.03354,0.69901,0.71219,0.02965,-1.19432,0.02018,
2541691635000,-33.71420,21.53534,-0.58500,-0.05380,-0.03533,0.69894,0.71228,0.05449,-1.16890,-0.12181,
2541791626000,-33.71058,21.42646,-0.59372,-0.05198,-0.04051,0.69841,0.71265,0.09525,-1.17063,-0.04281,
2541891617000,-33.70456,21.31539,-0.58512,-0.06269,-0.04895,0.69695,0.71269,0.02270,-1.18899,0.11498,
2541991608000,-33.69847,21.18584,-0.57469,-0.05833,-0.05158,0.69720,0.71264,0.09664,-1.16360,0.07332,
2542091599000,-33.68089,21.01849,-0.57904,-0.05807,-0.05285,0.69682,0.71294,0.12942,-1.16947,-0.10586,
2542191590000,-33.66759,20.89809,-0.59377,-0.05867,-0.05067,0.69683,0.71304,0.13597,-1.14996,-0.15405,
2542291581000,-33.65647,20.76947,-0.60864,-0.05302,-0.04633,0.69731,0.71331,0.09143,-1.16086,-0.02697,
2542391571000,-33.64875,20.65604,-0.60351,-0.04220,-0.04121,0.69938,0.71231,0.15205,-1.15681,0.08068,
2542491562000,-33.64010,20.52580,-0.59429,-0.04788,-0.03380,0.69982,0.71191,0.09526,-1.23491,0.03336,
2542591553000,-33.62510,20.35116,-0.59721,-0.04936,-0.02483,0.70273,0.70931,0.14788,-1.27871,-0.09367,
2542691544000,-33.61070,20.22838,-0.60676,-0.05549,-0.01929,0.70380,0.70797,0.19221,-1.29802,-0.03894,
2542791535000,-33.59386,20.10547,-0.59956,-0.06074,-0.02712,0.70359,0.70749,0.14611,-1.31053,0.09312,
2542891526000,-33.57796,19.96918,-0.59126,-0.06336,-0.02545,0.70291,0.70799,0.14292,-1.31386,0.02458,
2542991517000,-33.56543,19.83173,-0.59259,-0.06167,-0.03041,0.69755,0.71323,0.15466,-1.29558,-0.12485,
2543091507000,-33.55258,19.70180,-0.60498,-0.06275,-0.03424,0.69600,0.71447,0.14205,-1.28022,-0.11942,
2543191498000,-33.54270,19.59551,-0.60282,-0.05898,-0.03959,0.69625,0.71428,0.11944,-1.27798,0.02585,
2543291489000,-33.53108,19.47133,-0.59599,-0.05622,-0.04324,0.69604,0.71449,0.07922,-1.29719,0.10901,
2543391480000,-33.52342,19.34226,-0.59125,-0.05499,-0.03621,0.69555,0.71546,0.10836,-1.26222,-0.03653,
2543491471000,-33.51242,19.21825,-0.60025,-0.05423,-0.03620,0.69453,0.71650,0.11838,-1.24443,-0.13373,
2543591462000,-33.50005,19.05063,-0.60798,-0.06097,-0.04372,0.69314,0.71689,0.11399,-1.25762,0.01457,
2543691453000,-33.48856,18.92044,-0.60783,-0.05989,-0.04719,0.68852,0.72120,0.06975,-1.25301,0.04885,
2543791443000,-33.48744,18.80624,-0.59623,-0.05548,-0.04780,0.68191,0.72776,0.10902,-1.22611,-0.03359,
2543891434000,-33.47934,18.68657,-0.60461,-0.05192,-0.04878,0.67958,0.73013,0.12377,-1.21170,-0.09006,
2543991425000,-33.46435,18.53169,-0.61128,-0.05572,-0.04314,0.67956,0.73022,0.06679,-1.22532,-0.07101,
2544091416000,-33.45912,18.41368,-0.61290,-0.03424,-0.03641,0.68194,0.72970,0.12667,-1.21528,0.02467,
2544191407000,-33.44984,18.28795,-0.60955,-0.03465,-0.03587,0.67641,0.73483,0.04649,-1.25431,0.01316,
2544291398000,-33.43576,18.10803,-0.62017,-0.02967,-0.03869,0.67126,0.73962,0.11112,-1.23387,-0.11189,
2544391389000,-33.42385,17.98437,-0.63126,-0.03529,-0.04042,0.66952,0.74086,0.11727,-1.21899,-0.01727,
2544491379000,-33.41183,17.87911,-0.61955,-0.05003,-0.04388,0.66886,0.74040,0.08064,-1.22580,0.19947,
2544591370000,-33.40031,17.75968,-0.60034,-0.05189,-0.04338,0.66889,0.74028,0.14617,-1.18882,0.16098,
2544691361000,-33.38577,17.60705,-0.59563,-0.05685,-0.04861,0.66957,0.73897,0.11018,-1.20791,-0.01366,
2544791352000,-33.37522,17.47964,-0.60518,-0.06274,-0.04355,0.67028,0.73817,0.09948,-1.21744,-0.14748,
2544891343000,-33.36418,17.34520,-0.61754,-0.05642,-0.03823,0.67052,0.73876,0.08423,-1.23324,-0.03393,
2544991334000,-33.34322,17.16246,-0.61885,-0.05100,-0.04281,0.67079,0.73865,0.07759,-1.27610,0.10392,
2545091325000,-33.33905,17.03248,-0.60807,-0.05336,-0.03778,0.67134,0.73826,0.07197,-1.31156,0.07434,
2545191315000,-33.33152,16.90651,-0.61547,-0.05223,-0.03941,0.67324,0.73652,0.10357,-1.30489,-0.07998,
2545291306000,-33.32518,16.79070,-0.62262,-0.06460,-0.05338,0.67229,0.73553,0.10635,-1.29591,-0.03233,
2545391297000,-33.31198,16.64863,-0.61556,-0.06652,-0.05579,0.67128,0.73610,0.09577,-1.30865,0.15381,
2545491288000,-33.29435,16.53940,-0.61197,-0.06678,-0.05718,0.67072,0.73648,0.12112,-1.28577,0.07729,
2545591279000,-33.27793,16.40529,-0.61237,-0.07267,-0.05261,0.66885,0.73796,0.14023,-1.26679,-0.07723,
2545691270000,-33.26027,16.27487,-0.62546,-0.07406,-0.05187,0.66833,0.73835,0.14717,-1.23415,-0.09146,
2545791261000,-33.20818,16.02043,-0.64501,-0.07117,-0.05552,0.66893,0.73782,0.19957,-1.28099,0.07472,
2545891251000,-33.20138,15.90330,-0.63623,-0.07209,-0.05530,0.66873,0.73793,0.13650,-1.30168,0.10951,
2545991242000,-33.18793,15.78286,-0.63114,-0.07615,-0.05230,0.67045,0.73618,0.14717,-1.29475,-0.00928,
2546091233000,-33.18125,15.66966,-0.63779,-0.07511,-0.06551,0.67573,0.73038,0.20066,-1.26982,-0.10641,
2546191224000,-33.15998,15.54557,-0.64012,-0.09053,-0.07930,0.67852,0.72465,0.15280,-1.29681,0.01634,
2546291215000,-33.14802,15.50169,-0.64153,-0.09598,-0.07310,0.67962,0.72358,0.21330,-1.25718,0.11075,
2546391206000,-33.10150,15.33141,-0.65249,-0.09937,-0.07027,0.68052,0.72255,0.25998,-1.24235,-0.00943,
2546491197000,-33.07331,15.20695,-0.65902,-0.10272,-0.07242,0.68049,0.72189,0.29117,-1.21164,-0.11196,
2546591187000,-33.04843,15.09642,-0.66961,-0.10572,-0.07596,0.68117,0.72046,0.26171,-1.22677,-0.03097,
2546691178000,-33.02256,14.97385,-0.66356,-0.10290,-0.07985,0.68639,0.71547,0.29149,-1.25328,0.08846,
2546791169000,-32.98607,14.84774,-0.66035,-0.10100,-0.08113,0.68767,0.71437,0.29471,-1.29951,0.06904,
2546891160000,-32.95188,14.71552,-0.66114,-0.09694,-0.08890,0.69067,0.71110,0.33328,-1.28163,-0.04370,
2546991151000,-32.92429,14.60364,-0.66873,-0.10925,-0.09629,0.69422,0.70488,0.36658,-1.26852,0.00080,
2547091142000,-32.88510,14.44610,-0.66521,-0.12855,-0.10290,0.70276,0.69211,0.33805,-1.30671,0.08111,
2547191133000,-32.87205,14.35544,-0.66028,-0.13152,-0.10120,0.70276,0.69180,0.36202,-1.31685,0.02756,
2547291123000,-32.83655,14.20748,-0.66453,-0.12886,-0.10785,0.69711,0.69699,0.38486,-1.33032,-0.14034,
2547391114000,-32.79375,14.07007,-0.68246,-0.12438,-0.11506,0.69364,0.70011,0.41988,-1.31732,-0.18270,
2547491105000,-32.74429,13.89615,-0.68930,-0.12488,-0.11377,0.69161,0.70223,0.39686,-1.37220,-0.01617,
2547591096000,-32.69998,13.76626,-0.68889,-0.12119,-0.11111,0.68917,0.70570,0.47208,-1.31620,0.01711,
2547691087000,-32.67906,13.66647,-0.68692,-0.12707,-0.10839,0.68211,0.71192,0.43875,-1.32976,-0.03079,
2547791078000,-32.63513,13.54448,-0.69234,-0.12768,-0.11198,0.67936,0.71388,0.44189,-1.32114,-0.03887,
2547891069000,-32.58261,13.38189,-0.68358,-0.13181,-0.11381,0.67965,0.71257,0.45135,-1.33548,0.02478,
2547991059000,-32.53800,13.24756,-0.67783,-0.14374,-0.12101,0.67847,0.71020,0.41522,-1.37475,0.11366,
2548091050000,-32.49592,13.11460,-0.66879,-0.14265,-0.12568,0.67560,0.71234,0.47302,-1.30974,0.03525,
2548191041000,-32.44982,12.96758,-0.67534,-0.14406,-0.13070,0.67030,0.71615,0.48104,-1.28126,-0.13566,
2548291032000,-32.40033,12.84579,-0.69000,-0.15390,-0.12353,0.66945,0.71616,0.48701,-1.25339,-0.13076,
2548391023000,-32.34207,12.68836,-0.69254,-0.15238,-0.12307,0.66994,0.71611,0.50667,-1.26674,0.06481,
2548491014000,-32.29369,12.58057,-0.68329,-0.14830,-0.13917,0.66735,0.71644,0.51065,-1.25614,0.08452,
2548591005000,-32.25228,12.46103,-0.68213,-0.15481,-0.13294,0.66820,0.71545,0.49692,-1.26005,-0.04237,
2548690995000,-32.21088,12.34598,-0.67928,-0.16202,-0.13613,0.66724,0.71415,0.48189,-1.25888,-0.03985,
2548790986000,-32.17010,12.23161,-0.67731,-0.16452,-0.15410,0.66976,0.70754,0.50884,-1.26670,0.06326,
2548890977000,-32.11844,12.10766,-0.66340,-0.17315,-0.16911,0.67097,0.70087,0.43457,-1.34254,0.04897,
2548990968000,-32.05238,11.94630,-0.66118,-0.17593,-0.16492,0.66366,0.70810,0.53487,-1.32323,-0.01108,
2549090959000,-32.00579,11.83193,-0.67570,-0.18337,-0.15550,0.65026,0.72067,0.52082,-1.28351,-0.19233,
2549190950000,-31.97260,11.74489,-0.68838,-0.18800,-0.14986,0.64569,0.72476,0.52238,-1.23792,-0.11216,
2549290941000,-31.89137,11.58223,-0.69166,-0.17416,-0.15287,0.64466,0.72850,0.55839,-1.24810,0.08742,
2549390931000,-31.83459,11.46142,-0.68121,-0.17427,-0.16432,0.64010,0.73000,0.52188,-1.26651,0.13534,
2549490922000,-31.78997,11.36083,-0.67394,-0.17778,-0.15938,0.64019,0.73017,0.51406,-1.21403,0.01271,
2549590913000,-31.74103,11.24442,-0.67498,-0.17783,-0.16061,0.64302,0.72739,0.51425,-1.20662,0.02640,
2549690904000,-31.68268,11.11925,-0.67265,-0.18321,-0.16584,0.65540,0.71371,0.54656,-1.19426,0.14141,
2549790895000,-31.63527,10.99798,-0.65881,-0.19347,-0.16040,0.66199,0.70612,0.51050,-1.21083,0.08308,
2549924216000,-31.55495,10.83587,-0.65323,-0.19538,-0.17071,0.65400,0.71061,0.54439,-1.21904,-0.03358,
2549990877000,-31.51050,10.75036,-0.65667,-0.19538,-0.17203,0.65293,0.71127,0.53755,-1.20352,-0.11082,
2550090867000,-31.46001,10.63899,-0.66377,-0.19726,-0.17010,0.65316,0.71101,0.49505,-1.19654,-0.02398,
2550190858000,-31.41961,10.52921,-0.65668,-0.18557,-0.16989,0.65726,0.71043,0.55489,-1.15666,0.12153,
2550290849000,-31.36850,10.41018,-0.64339,-0.18407,-0.17397,0.65657,0.71047,0.48538,-1.24032,0.10387,
2550390840000,-31.31379,10.28906,-0.63755,-0.18183,-0.17256,0.65628,0.71166,0.50412,-1.16846,-0.02714,
2550490831000,-31.26759,10.17688,-0.64325,-0.17991,-0.17004,0.65726,0.71185,0.50507,-1.14698,-0.02908,
2550590822000,-31.22501,10.08784,-0.63444,-0.18391,-0.17272,0.66099,0.70670,0.50808,-1.13622,0.13635,
2550690813000,-31.16739,9.96481,-0.62240,-0.18875,-0.16745,0.66482,0.70310,0.52191,-1.16447,0.14034,
2550790803000,-31.09165,9.82799,-0.61486,-0.18939,-0.16784,0.66410,0.70352,0.54008,-1.17700,0.02195,
2550890794000,-31.01119,9.71779,-0.62479,-0.18802,-0.16817,0.66262,0.70520,0.57374,-1.12501,-0.12378,
2550990785000,-30.95346,9.60537,-0.63189,-0.18751,-0.16832,0.66227,0.70562,0.53210,-1.14040,-0.03789,
2551090776000,-30.90635,9.50116,-0.62830,-0.17844,-0.15667,0.66750,0.70573,0.59006,-1.11405,0.07138,
2551190767000,-30.84880,9.38633,-0.61701,-0.17945,-0.15793,0.66681,0.70585,0.57265,-1.20918,0.10124,
2551290758000,-30.77931,9.27171,-0.61955,-0.17441,-0.16394,0.66587,0.70663,0.61376,-1.17697,-0.04547,
2551390749000,-30.72898,9.16135,-0.62269,-0.18588,-0.17270,0.66284,0.70446,0.60792,-1.20302,0.06834,
2551490739000,-30.67191,9.04938,-0.60890,-0.20150,-0.19368,0.66967,0.68806,0.61509,-1.21049,0.14230,
2551590730000,-30.61665,8.93309,-0.60197,-0.19869,-0.19621,0.66978,0.68805,0.62598,-1.26650,0.07347,
2551690721000,-30.51477,8.76492,-0.60606,-0.19602,-0.20059,0.66606,0.69116,0.68819,-1.26437,-0.13981,
2551790712000,-30.44979,8.63970,-0.62298,-0.19325,-0.20175,0.66050,0.69692,0.66966,-1.26157,-0.14051,
2551890703000,-30.37952,8.51025,-0.62750,-0.18077,-0.18892,0.66239,0.70205,0.62234,-1.30497,0.05992,
2551990694000,-30.31258,8.38894,-0.60510,-0.17111,-0.18692,0.66067,0.70661,0.67289,-1.22904,0.09539,
2552090685000,-30.28864,8.32935,-0.60161,-0.17421,-0.18113,0.65051,0.71671,0.62477,-1.22347,0.00717,
2552190675000,-30.20426,8.17867,-0.60677,-0.17289,-0.18356,0.64651,0.72003,0.68981,-1.18487,-0.03799,
2552290666000,-30.19018,8.14438,-0.61431,-0.18463,-0.18670,0.64404,0.71852,0.64114,-1.15984,0.10657,
2552390657000,-30.12375,8.02467,-0.59826,-0.19275,-0.18552,0.64315,0.71749,0.62584,-1.14797,0.16528,
2552490648000,-30.06256,7.91472,-0.59529,-0.19829,-0.18821,0.63975,0.71832,0.65533,-1.10079,0.06815,
2552590639000,-29.99565,7.80481,-0.59254,-0.20784,-0.18953,0.63448,0.71994,0.64208,-1.08781,-0.04246,
2552690630000,-29.96373,7.75003,-0.60372,-0.21521,-0.18671,0.63411,0.71884,0.61715,-1.02531,-0.04535,
2552790621000,-29.87599,7.61240,-0.60343,-0.21661,-0.18724,0.63530,0.71723,0.63413,-1.09227,0.09893,
2552890611000,-29.80808,7.50399,-0.59372,-0.21702,-0.19330,0.63386,0.71677,0.64813,-1.09902,0.11753,
2552990602000,-29.74821,7.39651,-0.58605,-0.22304,-0.19032,0.63293,0.71654,0.61074,-1.07029,0.02175,
2553090593000,-29.70404,7.33186,-0.59324,-0.22570,-0.19208,0.63428,0.71404,0.58557,-1.05464,-0.00520,
2553190584000,-29.64487,7.22829,-0.59222,-0.23287,-0.20163,0.63660,0.70701,0.62715,-1.05009,0.07493,
2553290575000,-29.60950,7.16177,-0.57978,-0.24098,-0.19968,0.63741,0.70411,0.63290,-1.05077,0.11947,
2553390566000,-29.56597,7.09477,-0.57423,-0.24796,-0.20466,0.63399,0.70334,0.64042,-1.02885,0.06459,
2553490557000,-29.50758,6.99155,-0.56832,-0.24981,-0.20859,0.63283,0.70258,0.59458,-1.04264,-0.04366,
2553590547000,-29.33548,6.72580,-0.57714,-0.24200,-0.21554,0.63279,0.70325,0.66482,-1.14869,0.01196,
2553690538000,-29.26782,6.60366,-0.57070,-0.22660,-0.22107,0.63659,0.70323,0.70594,-1.14544,0.12602,
2553790529000,-29.20273,6.48944,-0.55722,-0.22880,-0.21864,0.63950,0.70063,0.71234,-1.16088,0.11917,
2553890520000,-29.16058,6.45346,-0.55893,-0.23214,-0.21626,0.64264,0.69739,0.76647,-1.05963,-0.00922,
2553990511000,-29.08713,6.34410,-0.55929,-0.24217,-0.22922,0.64561,0.68702,0.77851,-1.08865,0.03532,
2554090502000,-29.00492,6.23214,-0.55153,-0.25832,-0.24371,0.64475,0.67689,0.78021,-1.14044,0.15439,
2554190493000,-28.84646,6.02809,-0.54039,-0.25720,-0.25019,0.64311,0.67651,0.87167,-1.17662,0.16336,
2554290483000,-28.74693,5.91573,-0.54583,-0.26697,-0.26138,0.63786,0.67346,0.86611,-1.14315,-0.04664,
2554390474000,-28.66486,5.79928,-0.56089,-0.27540,-0.25591,0.64040,0.66974,0.84635,-1.16567,-0.12689,
2554490465000,-28.57577,5.69485,-0.57970,-0.27974,-0.24591,0.64553,0.66676,0.87105,-1.18779,0.04159,
2554590456000,-28.48581,5.57453,-0.56645,-0.27615,-0.24717,0.64593,0.66740,0.88597,-1.18441,0.10211,
2554690447000,-28.40294,5.46334,-0.55970,-0.27499,-0.24759,0.64519,0.66844,0.86787,-1.18577,0.02474,
2554790438000,-28.31565,5.35488,-0.56543,-0.27051,-0.25246,0.64525,0.66839,0.93218,-1.14819,-0.05384,
2554890429000,-28.22364,5.25576,-0.56795,-0.28201,-0.25654,0.64488,0.66241,0.99891,-1.16781,0.01091,
2554990419000,-28.12291,5.14017,-0.55937,-0.29498,-0.25684,0.64451,0.65698,0.99722,-1.19798,0.07933,
2555090410000,-28.02052,5.08201,-0.56334,-0.30556,-0.25622,0.63629,0.66040,1.02684,-1.13254,-0.00714,
2555190401000,-27.89371,5.00409,-0.57841,-0.30704,-0.26034,0.62962,0.66448,1.02703,-1.08802,-0.14780,
2555290392000,-27.85904,5.00506,-0.60682,-0.30749,-0.26105,0.62895,0.66463,0.95164,-1.03117,-0.09741,
2555390383000,-27.75789,4.90897,-0.60978,-0.30284,-0.26298,0.62701,0.66783,0.99621,-0.99770,0.10044,
2555490374000,-27.56396,4.72802,-0.60850,-0.30751,-0.25554,0.62460,0.67083,1.01899,-1.05655,0.05502,
2555590365000,-27.46789,4.63190,-0.60738,-0.30686,-0.25001,0.62655,0.67139,1.03790,-1.00068,-0.07460,
2555690355000,-27.38742,4.55481,-0.61727,-0.30038,-0.25829,0.62474,0.67288,1.07293,-0.96380,-0.05090,
2555790346000,-27.38119,4.55955,-0.59727,-0.31507,-0.27226,0.62157,0.66352,1.03387,-0.96238,0.09222,
2555890337000,-27.28179,4.46896,-0.58511,-0.31898,-0.27283,0.62124,0.66172,1.08715,-0.93293,0.05348,
2555990328000,-27.12390,4.33832,-0.60500,-0.32441,-0.27995,0.61507,0.66188,1.08893,-0.93272,-0.18471,
2556090319000,-27.01987,4.25369,-0.62335,-0.32778,-0.28711,0.60904,0.66272,1.07064,-0.92848,-0.13090,
2556190310000,-26.86759,4.12228,-0.62908,-0.32749,-0.28683,0.60876,0.66325,1.10138,-0.94434,0.03921,
2556290301000,-26.77216,4.04752,-0.61881,-0.32837,-0.29357,0.60498,0.66332,1.08428,-0.97549,0.10000,
2556390291000,-26.67253,3.96192,-0.60858,-0.33369,-0.28674,0.60815,0.66074,1.07911,-0.93413,0.03560,
2556490282000,-26.59454,3.89359,-0.61114,-0.32833,-0.29461,0.61352,0.65498,1.07371,-0.88351,-0.06388,
2556590273000,-26.49397,3.81076,-0.60809,-0.33898,-0.30629,0.60923,0.64817,1.08795,-0.94637,0.10632,
2556690264000,-26.56384,3.85601,-0.59171,-0.34374,-0.30758,0.61043,0.64390,0.98361,-0.83558,0.09316,
2556823585000,-26.29371,3.65097,-0.59003,-0.35528,-0.30713,0.60814,0.64001,1.07644,-0.84892,-0.11591,
2556890246000,-26.22200,3.59668,-0.60171,-0.36017,-0.30828,0.60771,0.63712,1.10248,-0.85577,-0.14222,
2556990237000,-26.12764,3.53163,-0.61158,-0.36954,-0.32097,0.60004,0.63275,1.10517,-0.89683,0.00052,
2557090227000,-26.01445,3.43903,-0.60147,-0.37186,-0.32336,0.59574,0.63423,1.10630,-0.86948,0.10950,
2557190218000,-25.95103,3.38749,-0.58382,-0.37855,-0.32288,0.58948,0.63636,1.04365,-0.86618,0.02286,
2557290209000,-25.84058,3.29794,-0.58768,-0.38099,-0.32520,0.58867,0.63448,1.03968,-0.88521,-0.06407,
2557390200000,-25.82742,3.29078,-0.57731,-0.38170,-0.33284,0.58619,0.63238,1.03096,-0.79100,0.02583,
2557490191000,-25.72052,3.20413,-0.56836,-0.39170,-0.34689,0.58396,0.62067,1.00947,-0.89167,0.11334,
2557590182000,-25.58921,3.09948,-0.55920,-0.39319,-0.34539,0.58543,0.61917,1.05589,-0.84241,0.06759,
2557690173000,-25.53904,3.06785,-0.55742,-0.39419,-0.34452,0.58469,0.61972,1.02361,-0.77467,-0.11454,
2557790163000,-25.43059,2.98972,-0.56823,-0.39282,-0.34850,0.58179,0.62110,1.03051,-0.76978,-0.07673,
2557890154000,-25.33219,2.92152,-0.56639,-0.38684,-0.35504,0.57929,0.62349,1.06084,-0.74126,0.10422,
2557990145000,-25.23714,2.85612,-0.55790,-0.39209,-0.35509,0.57993,0.61957,1.04909,-0.82192,0.07183,
2558090136000,-25.14640,2.78464,-0.55930,-0.39483,-0.34988,0.58511,0.61591,1.06220,-0.78577,-0.08788,
2558190127000,-25.03134,2.70845,-0.56932,-0.38706,-0.35776,0.58287,0.61843,1.13949,-0.75140,-0.12473,
2558290118000,-24.90945,2.62910,-0.56823,-0.39690,-0.37451,0.57042,0.61387,1.16533,-0.81618,0.06258,
2558390109000,-24.78351,2.54503,-0.55692,-0.40204,-0.36888,0.56948,0.61480,1.17840,-0.79500,0.07352,
2558490099000,-24.63782,2.46001,-0.54685,-0.40423,-0.36872,0.56409,0.61842,1.20761,-0.77820,-0.07338,
2558590090000,-24.52216,2.38261,-0.56236,-0.40289,-0.37337,0.55802,0.62200,1.19570,-0.78581,-0.10340,
2558690081000,-24.40229,2.31442,-0.55516,-0.40259,-0.36116,0.56459,0.62348,1.18433,-0.85349,0.07252,
2558790072000,-24.33115,2.25873,-0.55115,-0.38929,-0.35462,0.57219,0.62872,1.16254,-0.69196,0.04821,
2558890063000,-24.33550,2.26300,-0.53663,-0.39406,-0.35120,0.57446,0.62560,1.13277,-0.73373,0.07354,
2558990054000,-24.21411,2.19591,-0.52932,-0.39403,-0.35395,0.57450,0.62403,1.14198,-0.73106,-0.03547,
2559090045000,-24.12835,2.13946,-0.53337,-0.39523,-0.35534,0.57526,0.62178,1.17620,-0.71317,0.05502,
2559223366000,-23.96187,2.03701,-0.51459,-0.40110,-0.35960,0.57537,0.61544,1.19987,-0.74460,0.14332,
2559290026000,-23.84910,1.97175,-0.50741,-0.40568,-0.35877,0.57373,0.61445,1.20042,-0.74316,0.04480,
2559390017000,-23.79024,1.94190,-0.51482,-0.42019,-0.35556,0.57038,0.60966,1.13717,-0.70908,-0.11270,
2559490008000,-23.69035,1.87801,-0.52577,-0.42564,-0.35498,0.56963,0.60692,1.08508,-0.74315,-0.06831,
2559589999000,-23.34967,1.70675,-0.51997,-0.41589,-0.35939,0.57003,0.61068,1.16409,-0.70274,0.00300,
2559689990000,-23.23532,1.62468,-0.51837,-0.42174,-0.36156,0.56808,0.60720,1.18284,-0.85868,0.13900,
2559789981000,-23.11141,1.54129,-0.51049,-0.42172,-0.35795,0.57122,0.60641,1.16145,-0.82379,0.01522,
2559889971000,-23.02272,1.47746,-0.51127,-0.41872,-0.35833,0.57422,0.60542,1.15816,-0.76693,0.01598,
2559989962000,-22.94823,1.42325,-0.50420,-0.41687,-0.36950,0.57518,0.59905,1.16680,-0.75279,0.12522,
2560089953000,-22.82900,1.35546,-0.48916,-0.42058,-0.37942,0.56855,0.59658,1.18964,-0.71225,0.13860,
2560189944000,-22.83702,1.37339,-0.49991,-0.42708,-0.38002,0.56734,0.59272,1.14107,-0.62950,-0.06943,
2560323265000,-22.67841,1.28919,-0.51121,-0.43681,-0.37644,0.57006,0.58525,1.15491,-0.62572,-0.06548,
2560389926000,-22.61466,1.31083,-0.52358,-0.43606,-0.37717,0.57106,0.58437,1.16151,-0.60212,0.06536,
2560489917000,-22.46235,1.23475,-0.50941,-0.44443,-0.38244,0.56591,0.57963,1.17822,-0.62031,0.12537,
2560589907000,-22.32494,1.15966,-0.50277,-0.44810,-0.37983,0.56621,0.57822,1.14885,-0.62826,0.01182,
2560723229000,-22.21099,1.12046,-0.52521,-0.44535,-0.38617,0.56421,0.57810,1.12241,-0.58539,-0.05055,
2560789889000,-22.20738,1.11011,-0.53035,-0.45527,-0.39798,0.55754,0.56877,1.09625,-0.55052,0.00111,
2560889880000,-22.09929,1.04444,-0.52921,-0.45958,-0.40398,0.55528,0.56326,1.11711,-0.64138,0.04633,
2560989871000,-22.01287,1.01033,-0.53832,-0.45274,-0.40929,0.54923,0.57084,1.12282,-0.59721,-0.03875,
2561089862000,-21.87841,0.94257,-0.54480,-0.44913,-0.41290,0.54445,0.57565,1.10840,-0.60986,-0.12379,
2561189853000,-21.79270,0.89360,-0.55296,-0.44893,-0.40838,0.54958,0.57415,1.10958,-0.62776,-0.06327,
2561289843000,-21.69754,0.84155,-0.55346,-0.43335,-0.40697,0.56114,0.57593,1.16179,-0.57246,0.02092,
2561389834000,-21.58173,0.78478,-0.54851,-0.43317,-0.40601,0.56156,0.57635,1.19475,-0.65561,0.03841,
2561489825000,-21.53844,0.76358,-0.54234,-0.43271,-0.40099,0.56228,0.57949,1.18072,-0.58489,-0.08344,
2561589816000,-21.44254,0.72053,-0.55544,-0.43312,-0.39899,0.56328,0.57959,1.18642,-0.55635,-0.10343,
2561689807000,-21.33636,0.67141,-0.55658,-0.44121,-0.39258,0.56787,0.57335,1.23016,-0.60845,0.06026,
2561789798000,-21.20404,0.60469,-0.54826,-0.43963,-0.39390,0.56466,0.57683,1.26838,-0.57915,0.04162,
2561889789000,-21.08846,0.54065,-0.54884,-0.43877,-0.39611,0.55522,0.58507,1.23041,-0.55489,-0.13974,
2561989779000,-21.01144,0.50929,-0.57228,-0.43723,-0.39991,0.54966,0.58887,1.17607,-0.55367,-0.22506,
2562089770000,-20.86843,0.43849,-0.58693,-0.43099,-0.39459,0.55290,0.59401,1.20375,-0.62992,-0.02645,
2562189761000,-20.75413,0.38388,-0.58355,-0.43101,-0.38706,0.55094,0.60073,1.21240,-0.64164,0.03689,
2562289752000,-20.58263,0.29682,-0.58435,-0.42839,-0.37901,0.54287,0.61492,1.22544,-0.65214,-0.05385,
2562389743000,-20.55086,0.26375,-0.59344,-0.42382,-0.37936,0.54143,0.61913,1.16331,-0.63326,-0.04282,
2562489734000,-20.37468,0.17591,-0.59446,-0.42634,-0.37278,0.54556,0.61776,1.19262,-0.65459,0.10490,
2562589725000,-20.26337,0.11438,-0.58191,-0.42408,-0.37268,0.54710,0.61802,1.17908,-0.60029,0.13961,
2562689715000,-20.15295,0.05436,-0.57611,-0.42507,-0.37357,0.54975,0.61444,1.12053,-0.61583,0.00914,
2562789706000,-20.04643,-0.00029,-0.58127,-0.41879,-0.38140,0.55402,0.61010,1.10443,-0.55772,-0.09801,
2562889697000,-19.93669,-0.05679,-0.58851,-0.41158,-0.39060,0.55097,0.61194,1.06986,-0.63882,-0.02294,
2562989688000,-19.86932,-0.10129,-0.58969,-0.41121,-0.39091,0.55592,0.60750,1.04978,-0.64613,0.04140,
2563089679000,-19.75150,-0.17080,-0.58697,-0.41483,-0.37891,0.55743,0.61124,1.06773,-0.68091,0.00404,
2563189670000,-19.64317,-0.23563,-0.59322,-0.41242,-0.37962,0.55761,0.61226,1.02164,-0.69465,-0.09146,
2563289661000,-19.55244,-0.30410,-0.60063,-0.40645,-0.39079,0.56255,0.60466,1.06556,-0.69932,-0.00207,
2563389651000,-19.57827,-0.29980,-0.58614,-0.40773,-0.39801,0.55880,0.60256,1.01559,-0.67930,0.08412,
2563489642000,-19.40627,-0.37975,-0.57868,-0.41056,-0.39874,0.55461,0.60403,1.04424,-0.63229,0.03394,
2563589633000,-19.30033,-0.44023,-0.58165,-0.41660,-0.39948,0.55192,0.60187,1.02401,-0.63141,-0.07986,
2563689624000,-19.20345,-0.47950,-0.58812,-0.42076,-0.39886,0.55313,0.59827,1.03000,-0.58393,-0.06559,
2563789615000,-19.10384,-0.53968,-0.58686,-0.41493,-0.40874,0.55282,0.59594,1.01902,-0.57622,0.04130,
2563889606000,-19.12931,-0.52283,-0.57058,-0.42141,-0.41199,0.55187,0.59001,0.95311,-0.60602,0.09698,
2563989597000,-19.02549,-0.58125,-0.56415,-0.42091,-0.41410,0.55734,0.58372,0.99161,-0.55727,-0.02602,
2564089587000,-18.80974,-0.67434,-0.57380,-0.42731,-0.42511,0.55042,0.57770,1.08302,-0.59226,-0.06973,
2564189578000,-18.70635,-0.72849,-0.56905,-0.43410,-0.43519,0.54391,0.57125,1.11964,-0.55437,0.12419,
2564289569000,-18.62707,-0.76184,-0.55799,-0.44114,-0.43253,0.54659,0.56530,1.14230,-0.52453,0.10532,
2564389560000,-18.49673,-0.81540,-0.55559,-0.44820,-0.42898,0.54653,0.56249,1.14860,-0.50301,-0.05071,
2564489551000,-18.37841,-0.86638,-0.56936,-0.45252,-0.42723,0.54572,0.56114,1.13548,-0.49515,-0.17150,
2564589542000,-18.27301,-0.90983,-0.58490,-0.45359,-0.42624,0.54450,0.56222,1.10899,-0.51848,-0.03203,
2564689533000,-18.15875,-0.95755,-0.57962,-0.44896,-0.42935,0.54113,0.56681,1.09519,-0.43584,0.09763,
2564789523000,-18.09967,-0.97858,-0.56744,-0.45202,-0.42659,0.53871,0.56877,1.07619,-0.45429,0.05208,
2564889514000,-17.99307,-1.02182,-0.56909,-0.45195,-0.42677,0.53747,0.56985,1.05969,-0.42438,-0.07738,
2564989505000,-17.87208,-1.07017,-0.58218,-0.45754,-0.42370,0.53969,0.56557,1.05290,-0.35555,-0.03158,
2565089496000,-17.77039,-1.10823,-0.57848,-0.46392,-0.42416,0.53786,0.56176,1.06966,-0.37930,0.11209,
2565189487000,-17.66130,-1.14461,-0.56905,-0.46820,-0.42060,0.53134,0.56706,1.05024,-0.33303,0.06166,
2565289478000,-17.57340,-1.16853,-0.57542,-0.47520,-0.42138,0.51994,0.57122,1.00594,-0.29414,-0.12792,
2565389469000,-17.47993,-1.19353,-0.58797,-0.48166,-0.41868,0.51871,0.56891,0.97299,-0.29342,-0.13477,
2565489459000,-17.38731,-1.22006,-0.59273,-0.48203,-0.41692,0.51818,0.57036,0.97177,-0.28362,0.09173,
2565589450000,-17.29477,-1.24785,-0.58133,-0.48255,-0.42253,0.51325,0.57026,0.96799,-0.32511,0.15249,
2565689441000,-17.20610,-1.27479,-0.57119,-0.48282,-0.42349,0.51300,0.56953,0.94882,-0.31090,0.05212,
2565789432000,-17.14389,-1.29045,-0.57741,-0.48168,-0.42990,0.51135,0.56719,0.92443,-0.31378,0.00569,
2565889423000,-17.04699,-1.32187,-0.57551,-0.48639,-0.43087,0.51476,0.55928,0.96544,-0.35595,0.10661,
2565989414000,-16.94399,-1.35405,-0.56387,-0.49092,-0.42733,0.51855,0.55452,0.96848,-0.31493,0.13889,
2566089405000,-16.84743,-1.38119,-0.54987,-0.48986,-0.42941,0.51699,0.55531,0.92944,-0.26490,0.01347,
2566189395000,-16.82652,-1.38104,-0.55826,-0.49214,-0.42790,0.51894,0.55264,0.87257,-0.25889,-0.04323,
2566289386000,-16.73006,-1.40997,-0.56375,-0.49226,-0.42694,0.52238,0.55002,0.88167,-0.28148,0.01090,
2566389377000,-16.64860,-1.43097,-0.55672,-0.47476,-0.44114,0.53064,0.54627,0.88847,-0.18888,0.07514,
2566489368000,-16.47614,-1.47662,-0.55253,-0.47858,-0.44063,0.53435,0.53971,0.97202,-0.29170,0.08372,
2566589359000,-16.41720,-1.48885,-0.54901,-0.47628,-0.44524,0.54148,0.53077,0.97650,-0.25047,-0.04264,
2566689350000,-16.31571,-1.51323,-0.55174,-0.47692,-0.45486,0.53633,0.52726,1.00793,-0.25868,-0.03873,
2566789341000,-16.19026,-1.54445,-0.55358,-0.48261,-0.46055,0.53372,0.51973,1.04194,-0.31745,0.06568,
2566889331000,-16.06072,-1.57880,-0.55233,-0.48332,-0.45928,0.53642,0.51741,1.04190,-0.27752,0.00384,
2566989322000,-15.95026,-1.60654,-0.56150,-0.48779,-0.45465,0.54046,0.51309,1.02503,-0.25919,-0.13132,
2567089313000,-15.84124,-1.63516,-0.57276,-0.48782,-0.45747,0.53921,0.51187,1.02854,-0.28606,-0.15952,
2567189304000,-15.72911,-1.67332,-0.57192,-0.47823,-0.46903,0.53757,0.51217,1.07463,-0.34349,0.04277,
2567289295000,-15.62605,-1.70282,-0.56886,-0.47115,-0.47884,0.53364,0.51377,1.10927,-0.40055,0.07637,
2567389286000,-15.48034,-1.74479,-0.56162,-0.46625,-0.47806,0.53565,0.51686,1.14147,-0.35028,-0.02277,
2567489277000,-15.36767,-1.77897,-0.57055,-0.46396,-0.47899,0.53510,0.51864,1.15087,-0.30767,-0.15447,
2567589267000,-15.25071,-1.80959,-0.57997,-0.46306,-0.48113,0.53317,0.51944,1.19236,-0.28683,-0.00964,
2567689258000,-15.10998,-1.83327,-0.57962,-0.46753,-0.47698,0.52692,0.52560,1.18200,-0.21773,-0.00088,
2567789249000,-15.00058,-1.84946,-0.58215,-0.47687,-0.48129,0.51173,0.52830,1.14042,-0.16657,-0.13116,
2567889240000,-14.93520,-1.86493,-0.59210,-0.48266,-0.48116,0.50795,0.52679,1.08423,-0.18934,-0.16298,
2567989231000,-14.79413,-1.90020,-0.59710,-0.48065,-0.48241,0.50587,0.52948,1.07707,-0.22904,-0.00819,
2568089222000,-14.67270,-1.92382,-0.58840,-0.47478,-0.48685,0.50206,0.53432,1.06907,-0.19762,0.11718,
2568189213000,-14.58363,-1.94605,-0.57934,-0.47665,-0.48443,0.50322,0.53376,1.03405,-0.20762,0.08783,
2568289203000,-14.49744,-1.96184,-0.57820,-0.47915,-0.47936,0.50821,0.53136,0.98893,-0.15613,0.01794,
2568389194000,-14.37550,-1.98646,-0.56780,-0.48559,-0.47673,0.51109,0.52509,0.96763,-0.12395,0.10144,
2568489185000,-14.27959,-2.00418,-0.55718,-0.49100,-0.47759,0.51230,0.51805,0.95486,-0.14740,0.11075,
2568589176000,-14.17450,-2.02199,-0.54956,-0.49350,-0.48139,0.50841,0.51598,0.95242,-0.12027,0.01138,
2568689167000,-14.05018,-2.04487,-0.55444,-0.49560,-0.48333,0.50627,0.51427,0.95274,-0.10944,-0.12301,
2568789158000,-13.95200,-2.05420,-0.56280,-0.49684,-0.49103,0.50469,0.50728,0.97981,-0.08249,-0.07914,
2568889149000,-13.86673,-2.06566,-0.56021,-0.49112,-0.50037,0.50490,0.50350,1.01873,-0.04206,0.08199,
2568989139000,-13.76667,-2.07369,-0.54811,0.50272,0.50518,-0.50026,-0.49174,1.07995,-0.14002,0.08414,
2569089130000,-13.65198,-2.08383,-0.54707,0.50180,0.50628,-0.50090,-0.49090,1.10036,-0.07896,-0.07747,
2569189121000,-13.54532,-2.08726,-0.55534,0.50130,0.51177,-0.49691,-0.48976,1.15201,-0.00973,-0.13064,
2569289112000,-13.43118,-2.08556,-0.55628,0.51605,0.52166,-0.48098,-0.47982,1.20175,-0.00611,0.10387,
2569389103000,-13.31299,-2.08382,-0.54579,0.52828,0.51577,-0.47080,-0.48296,1.10102,0.08745,0.07800,
2569489094000,-13.28711,-2.06235,-0.53164,0.54119,0.52116,-0.45960,-0.47357,1.00186,0.14175,-0.03707,
2569589085000,-13.17193,-2.05650,-0.52726,0.55108,0.52616,-0.44947,-0.46631,0.98331,0.13205,-0.08977,
2569689075000,-13.04448,-2.05341,-0.53730,0.55288,0.52794,-0.44605,-0.46545,0.99299,0.10737,0.05301,
2569789066000,-12.88399,-2.03726,-0.52353,0.55578,0.53746,-0.43622,-0.46039,1.01329,0.17181,0.12396,
2569889057000,-12.77425,-2.02443,-0.50923,0.56279,0.53660,-0.43771,-0.45138,1.08219,0.15291,0.10391,
2569989048000,-12.62728,-2.01045,-0.50231,0.56407,0.54565,-0.43267,-0.44371,1.08359,0.20815,-0.02930,
2570089039000,-12.51931,-1.98765,-0.50395,0.57565,0.55556,-0.42530,-0.42320,1.07958,0.25647,0.00584,
2570189030000,-12.39073,-1.95965,-0.49539,0.58656,0.56822,-0.40644,-0.40973,1.08576,0.29835,0.13354,
2570289021000,-12.31687,-1.93169,-0.48393,0.59503,0.57648,-0.39033,-0.40156,1.03264,0.34091,0.06703,
2570389011000,-12.15698,-1.89234,-0.48195,0.60600,0.58435,-0.37246,-0.39060,1.03977,0.36980,-0.06047,
2570489002000,-12.05102,-1.86135,-0.48186,0.60888,0.58956,-0.36299,-0.38720,1.05219,0.36580,0.01442,
2570588993000,-11.98277,-1.82962,-0.47835,0.61019,0.59619,-0.35228,-0.38487,1.00065,0.40065,0.12053,
2570688984000,-11.87835,-1.79138,-0.46398,0.61671,0.60094,-0.33655,-0.38116,1.02548,0.38403,0.16663,
2570788975000,-11.71973,-1.74087,-0.46290,0.62207,0.59924,-0.33819,-0.37358,1.06389,0.40150,0.04256,
2570888966000,-11.51341,-1.65973,-0.46453,0.62786,0.59947,-0.34223,-0.35961,1.12632,0.49688,0.01067,
2570988957000,-11.40876,-1.60562,-0.45707,0.63682,0.61522,-0.32337,-0.33376,1.12366,0.51077,0.11488,
2571088947000,-11.37557,-1.58306,-0.44806,0.63573,0.61935,-0.32184,-0.32966,1.06207,0.52259,0.16236,
2571188938000,-11.23767,-1.51766,-0.44933,0.64007,0.62595,-0.31141,-0.31864,1.11743,0.53060,-0.02346,
2571288929000,-11.11537,-1.45843,-0.45715,0.63841,0.63104,-0.30771,-0.31551,1.15439,0.55437,-0.12245,
2571388920000,-11.04928,-1.41606,-0.47347,0.63618,0.63456,-0.30635,-0.31425,1.14865,0.56849,0.04809,
2571488911000,-10.94321,-1.35552,-0.46023,0.63722,0.63563,-0.30594,-0.31036,1.11989,0.60166,0.13926,
2571588902000,-10.79496,-1.27413,-0.45777,0.64202,0.63234,-0.31135,-0.30168,1.16555,0.62175,0.03803,
2571688893000,-10.69245,-1.21678,-0.46619,0.64043,0.63469,-0.31028,-0.30126,1.16853,0.64508,-0.08135,
2571788883000,-10.58367,-1.14302,-0.46932,0.64537,0.63627,-0.30704,-0.29048,1.15959,0.73065,0.03549,
2571888874000,-10.43422,-1.05102,-0.46730,0.65443,0.63945,-0.29809,-0.27197,1.20588,0.73976,0.07613,
2571988865000,-10.29660,-0.95866,-0.46146,0.66335,0.63988,-0.28843,-0.25947,1.23253,0.77043,0.00354,
2572088856000,-10.23923,-0.91426,-0.47999,0.66573,0.63896,-0.28222,-0.26245,1.16121,0.75206,-0.16270,
2572188847000,-10.00108,-0.75238,-0.48267,0.66587,0.64087,-0.26819,-0.27200,1.24794,0.84215,-0.05220,
2572288838000,-9.88765,-0.67147,-0.48086,0.66738,0.64143,-0.25560,-0.27902,1.24147,0.83219,0.09418,
2572388829000,-9.90736,-0.67736,-0.47478,0.67185,0.63719,-0.25227,-0.28100,1.08721,0.77916,0.07504,
2572488819000,-9.79623,-0.60269,-0.47834,0.67144,0.64042,-0.24662,-0.27966,1.09802,0.77230,-0.03390,
2572588810000,-9.71742,-0.52513,-0.48790,0.66877,0.64741,-0.23940,-0.27620,1.01202,0.82217,-0.02054,
2572688801000,-9.62251,-0.44915,-0.48271,0.67147,0.65328,-0.22830,-0.26503,1.07332,0.83094,0.10541,
2572788792000,-9.43114,-0.29578,-0.47672,0.67774,0.64840,-0.22898,-0.26042,1.06258,0.92852,0.04575,
2572888783000,-9.34841,-0.21405,-0.48001,0.68866,0.64513,-0.22273,-0.24484,1.01443,0.90974,-0.08228,
2572988774000,-9.25075,-0.12210,-0.49171,0.69067,0.64570,-0.21985,-0.24025,1.03802,0.88876,-0.10122,
2573088765000,-9.18759,-0.05269,-0.50146,0.68661,0.64958,-0.21498,-0.24574,0.97407,0.92719,0.05469,
2573188755000,-9.08852,0.03651,-0.49107,0.68881,0.65348,-0.20178,-0.24038,1.03419,0.89800,0.09748,
2573288746000,-8.99330,0.12374,-0.48621,0.69038,0.65229,-0.20298,-0.23808,1.00868,0.88073,-0.00093,
2573388737000,-8.98321,0.13439,-0.50594,0.68961,0.65318,-0.20711,-0.23431,0.94481,0.82908,-0.12710,
2573488728000,-8.91372,0.21044,-0.50792,0.69105,0.65478,-0.20437,-0.22793,0.93227,0.87663,0.04336,
2573588719000,-8.81705,0.29770,-0.49559,0.69306,0.65377,-0.20495,-0.22415,0.94960,0.86774,0.12520,
2573688710000,-8.70383,0.37372,-0.49384,0.70181,0.64564,-0.20013,-0.22485,0.89944,0.80573,-0.00002,
2573788701000,-8.52788,0.54352,-0.51706,0.70644,0.64280,-0.19476,-0.22319,0.95000,0.81009,-0.17300,
2573888691000,-8.45579,0.61026,-0.54036,0.70797,0.64156,-0.19558,-0.22120,0.95194,0.76756,-0.13466,
2573988682000,-8.36162,0.68670,-0.54262,0.70338,0.64470,-0.19018,-0.23118,0.93848,0.76344,0.04793,
2574088673000,-8.27811,0.75768,-0.54335,0.70180,0.64585,-0.18909,-0.23366,1.03333,0.76480,0.10473,
2574188664000,-8.17487,0.84499,-0.53844,0.70105,0.64323,-0.19921,-0.23473,0.97312,0.79219,-0.03264,
2574288655000,-8.10084,0.91828,-0.55195,0.69835,0.64716,-0.19279,-0.23733,0.91553,0.82267,-0.14269,
2574388646000,-8.00916,0.99886,-0.55770,0.70098,0.65053,-0.18344,-0.22757,0.99797,0.83265,0.03568,
2574488637000,-7.90487,1.09520,-0.54814,0.70375,0.64875,-0.18571,-0.22222,0.93794,0.84977,0.11898,
2574588627000,-7.81615,1.18501,-0.53465,0.70803,0.64769,-0.17546,-0.22000,0.90760,0.80079,0.05017,
2574688618000,-7.74461,1.23613,-0.54190,0.70947,0.64855,-0.17516,-0.21296,0.90039,0.73560,-0.08231,
2574788609000,-7.66575,1.29890,-0.54835,0.70013,0.65954,-0.17647,-0.20899,0.89535,0.71757,-0.01686,
2574888600000,-7.57533,1.42282,-0.54606,0.69688,0.66293,-0.17776,-0.20803,0.92142,0.74577,0.11545,
2574988591000,-7.48312,1.52671,-0.53100,0.69681,0.66245,-0.18138,-0.20669,0.95491,0.77769,0.12074,
2575088582000,-7.38524,1.60914,-0.52774,0.68908,0.66988,-0.17865,-0.21098,0.91859,0.80331,-0.02526,
2575188573000,-7.29945,1.68331,-0.53636,0.68536,0.67487,-0.17922,-0.20666,0.89455,0.82581,-0.01762,
2575288563000,-7.22016,1.78951,-0.52905,0.68753,0.67363,-0.18987,-0.19359,0.89354,0.87097,0.10900,
2575388554000,-7.12822,1.87132,-0.51448,0.68980,0.67376,-0.18285,-0.19179,0.88811,0.88550,0.07512,
2575488545000,-7.06343,1.98303,-0.51419,0.69210,0.67573,-0.16639,-0.19157,0.84794,0.88881,-0.11002,
2575588536000,-6.98278,2.07738,-0.53302,0.69212,0.67640,-0.16501,-0.19033,0.84468,0.90555,-0.12636,
2575688527000,-6.89879,2.19451,-0.53723,0.69299,0.67432,-0.17325,-0.18720,0.83313,0.96058,0.04083,
2575788518000,-6.81059,2.29615,-0.52507,0.69900,0.66798,-0.17581,-0.18515,0.89041,0.93973,0.11361,
2575888509000,-6.72656,2.39259,-0.51565,0.69931,0.66633,-0.17873,-0.18715,0.87007,0.93096,0.00642,
2576021830000,-6.62112,2.52421,-0.52208,0.69595,0.66879,-0.17642,-0.19300,0.83377,0.97857,0.00316,
2576088490000,-6.57214,2.59028,-0.51671,0.69850,0.66807,-0.17535,-0.18718,0.81207,0.99910,0.09885,
2576221811000,-6.46701,2.72938,-0.50038,0.70725,0.65995,-0.18049,-0.17801,0.76459,0.98842,0.05022,
2576288472000,-6.40470,2.79666,-0.50130,0.71048,0.65740,-0.17479,-0.18028,0.74923,0.95574,-0.06254,
2576388463000,-6.35557,2.88865,-0.51440,0.71230,0.65575,-0.17113,-0.18259,0.73428,0.93779,-0.14049,
2576488454000,-6.28825,2.98412,-0.52261,0.71336,0.65381,-0.17102,-0.18547,0.74763,0.96478,0.02024,
2576588445000,-6.17846,3.12602,-0.51266,0.71829,0.64784,-0.17063,-0.18773,0.76625,1.00067,0.13381,
2576688435000,-6.09951,3.22951,-0.49925,0.72085,0.64411,-0.17007,-0.19126,0.77662,0.98605,0.07195,
2576788426000,-5.99452,3.35072,-0.50502,0.71485,0.65067,-0.16908,-0.19243,0.77150,0.98734,0.00354,
2576888417000,-5.92490,3.43656,-0.50742,0.71039,0.65817,-0.16620,-0.18586,0.71594,1.02471,0.07442,
2576988408000,-5.85683,3.54555,-0.49213,0.71459,0.65846,-0.16699,-0.16706,0.73946,1.04146,0.15630,
2577088399000,-5.80087,3.62758,-0.48538,0.71501,0.66152,-0.16026,-0.15959,0.61500,1.05676,0.11248,
2577188390000,-5.74424,3.71840,-0.48630,0.71394,0.66933,-0.13950,-0.15110,0.59522,1.03789,-0.02264,
2577288381000,-5.66065,3.84025,-0.49612,0.70853,0.67898,-0.13016,-0.14155,0.60505,1.04645,-0.01259,
2577388371000,-5.58712,3.95624,-0.49695,0.70107,0.68967,-0.12124,-0.13473,0.56179,1.07952,0.08057,
2577488362000,-5.53144,4.04932,-0.49135,0.70294,0.69304,-0.10872,-0.11726,0.63508,1.10494,0.11040,
2577588353000,-5.47467,4.15733,-0.48801,0.70220,0.69696,-0.09965,-0.10600,0.58515,1.13126,-0.00812,
2577688344000,-5.40488,4.30542,-0.49153,0.69825,0.70530,-0.08350,-0.08959,0.55434,1.18793,-0.04545,
2577788335000,-5.36327,4.41434,-0.48766,0.70159,0.70699,-0.06257,-0.06342,0.53432,1.21205,0.08281,
2577888326000,-5.32853,4.51424,-0.47768,0.70299,0.70718,-0.05830,-0.04796,0.47513,1.18358,0.09678,
2577988317000,-5.26628,4.67881,-0.47235,0.70490,0.70724,-0.04484,-0.03035,0.45258,1.21857,-0.02821,
2578088307000,-5.24485,4.73879,-0.48336,0.70280,0.71040,-0.03085,-0.02149,0.44409,1.15081,-0.08202,
2578188298000,-5.18954,4.89403,-0.48597,0.69320,0.72010,-0.02522,-0.01728,0.44024,1.23693,0.08306,
2578288289000,-5.15659,5.00572,-0.47855,0.68954,0.72399,-0.01832,-0.00579,0.38120,1.24494,0.10707,
2578388280000,-5.14466,5.05492,-0.47333,0.68196,0.73126,-0.01372,0.00335,0.32326,1.19848,0.01146,
2578488271000,-5.11327,5.21219,-0.47755,0.67727,0.73545,0.00612,0.01933,0.25437,1.26847,-0.06912,
2578588262000,-5.10710,5.30790,-0.48179,0.67554,0.73540,0.02857,0.04489,0.16285,1.28728,0.04021,
2578688253000,-5.10049,5.43054,-0.47622,0.67497,0.73336,0.04587,0.06700,0.08757,1.30848,0.03206,
2578788243000,-5.09672,5.57395,-0.47760,0.67671,0.72830,0.06581,0.08550,-0.01399,1.29590,-0.06821,
2578888234000,-5.09953,5.70904,-0.48987,0.67868,0.72266,0.08083,0.10309,-0.05487,1.29483,-0.12350,
2578988225000,-5.10949,5.82233,-0.49807,0.68472,0.71540,0.08740,0.10831,-0.09061,1.25969,-0.00585,
2579088216000,-5.12597,5.94806,-0.49240,0.68735,0.70897,0.10438,0.11835,-0.19241,1.18074,0.04626,
2579188207000,-5.14809,6.04819,-0.48774,0.69060,0.70121,0.12053,0.12980,-0.22862,1.14653,0.01669,
2579288198000,-5.17704,6.14535,-0.48842,0.69104,0.69356,0.14209,0.14576,-0.28954,1.08662,-0.05222,
2579388189000,-5.21240,6.23038,-0.49188,0.68757,0.68694,0.16061,0.17197,-0.36634,1.02840,-0.00370,
2579488179000,-5.25469,6.30422,-0.48345,0.68131,0.67993,0.17704,0.20536,-0.42908,1.00064,0.13017,
2579588170000,-5.30530,6.40226,-0.47213,0.67901,0.67038,0.19613,0.22598,-0.50915,0.94390,0.04245,
2579688161000,-5.36916,6.51414,-0.47272,0.67910,0.65481,0.22141,0.24705,-0.56106,0.93052,-0.08100,
2579788152000,-5.43147,6.58528,-0.48169,0.67820,0.64791,0.23051,0.25908,-0.61463,0.87584,-0.09031,
2579888143000,-5.50269,6.68328,-0.49057,0.67746,0.64251,0.24032,0.26545,-0.65301,0.88539,-0.00227,
2579988134000,-5.56786,6.73386,-0.48900,0.67523,0.63706,0.25340,0.27204,-0.70959,0.77191,0.04583,
2580088125000,-5.61155,6.75717,-0.48510,0.67235,0.63063,0.26503,0.28287,-0.69222,0.72400,0.05147,
2580188115000,-5.68474,6.82883,-0.48807,0.67058,0.62182,0.28087,0.29117,-0.71799,0.68448,-0.03300,
2580288106000,-5.75907,6.87825,-0.49466,0.66346,0.61641,0.29076,0.30874,-0.74804,0.64784,-0.02497,
2580388097000,-5.84821,6.94924,-0.49170,0.65689,0.61329,0.29592,0.32374,-0.78831,0.65466,0.12476,
2580488088000,-5.94942,7.03539,-0.47804,0.65187,0.61467,0.29503,0.33197,-0.81557,0.64420,0.13180,
2580588079000,-5.98969,7.05330,-0.46726,0.64882,0.61377,0.30228,0.33309,-0.81792,0.56885,0.08216,
2580688070000,-6.10350,7.14046,-0.46689,0.64508,0.61161,0.30886,0.33824,-0.89609,0.62790,-0.03018,
2580788061000,-6.22971,7.23038,-0.47674,0.64238,0.61293,0.30911,0.34076,-0.98932,0.61236,-0.11978,
2580921382000,-6.38007,7.32790,-0.47923,0.64009,0.61471,0.31676,0.33479,-1.08340,0.64495,0.06314,
2580988042000,-6.44612,7.37064,-0.47606,0.63993,0.61386,0.32091,0.33269,-1.06457,0.69320,0.05431,
2581088033000,-6.45963,7.38728,-0.47341,0.64213,0.61437,0.32019,0.32817,-0.95627,0.65123,0.00163,
2581188024000,-6.54148,7.44035,-0.47925,0.64516,0.61387,0.32134,0.32199,-0.93359,0.59631,-0.07602,
2581288015000,-6.65153,7.51685,-0.49147,0.64494,0.61355,0.32124,0.32313,-0.94422,0.56057,-0.00565,
2581388006000,-6.74083,7.57504,-0.48841,0.64070,0.61666,0.31476,0.33189,-0.90319,0.57087,0.07091,
2581487997000,-6.82762,7.63076,-0.48386,0.64095,0.61478,0.31852,0.33132,-0.88533,0.52944,0.04086,
2581587987000,-6.90808,7.68136,-0.48578,0.64033,0.61414,0.31875,0.33349,-0.83742,0.53224,-0.08140,
2581687978000,-7.01798,7.74689,-0.49361,0.64042,0.61626,0.31337,0.33450,-0.83639,0.52580,-0.10652,
2581787969000,-7.10709,7.79873,-0.49783,0.64603,0.62204,0.30674,0.31877,-0.83339,0.55366,0.03384,
2581887960000,-7.18791,7.85460,-0.49163,0.64597,0.62434,0.30531,0.31577,-0.82422,0.60468,0.03949,
2581987951000,-7.27249,7.92480,-0.48235,0.65079,0.62895,0.29385,0.30746,-0.82874,0.63654,0.01422,
2582087942000,-7.34443,7.98560,-0.48334,0.65483,0.62618,0.29571,0.30273,-0.78414,0.61088,-0.05983,
2582187933000,-7.40985,8.04084,-0.48390,0.65613,0.62478,0.29712,0.30142,-0.74928,0.60659,0.03841,
2582287923000,-7.48521,8.09735,-0.48204,0.65759,0.62851,0.29187,0.29558,-0.70994,0.61656,0.04672,
2582387914000,-7.55273,8.15669,-0.47655,0.65978,0.63087,0.28475,0.29260,-0.69273,0.59925,0.01873,
